timestamp,cmdb_id,kpi_name,value
1718651400,cartservice-0.source.cartservice.redis-cart,istio_tcp_sent_bytes_total.-,1511187.0
1718651400,cartservice-2.source.cartservice.redis-cart,istio_tcp_sent_bytes_total.-,1535404.0
1718651400,cartservice-1.source.cartservice.redis-cart,istio_tcp_sent_bytes_total.-,1523618.0
1718651460,cartservice-0.source.cartservice.redis-cart,istio_tcp_sent_bytes_total.-,1518790.0
1718651460,cartservice-2.source.cartservice.redis-cart,istio_tcp_sent_bytes_total.-,1543972.0
1718651460,cartservice-1.source.cartservice.redis-cart,istio_tcp_sent_bytes_total.-,1533476.0
1718651520,cartservice-0.source.cartservice.redis-cart,istio_tcp_sent_bytes_total.-,1526460.0
1718651520,cartservice-2.source.cartservice.redis-cart,istio_tcp_sent_bytes_total.-,1552992.0
1718651520,cartservice-1.source.cartservice.redis-cart,istio_tcp_sent_bytes_total.-,1541848.0
1718651580,cartservice-2.source.cartservice.redis-cart,istio_tcp_sent_bytes_total.-,1560536.0
1718651580,cartservice-1.source.cartservice.redis-cart,istio_tcp_sent_bytes_total.-,1550218.0
1718651580,cartservice-0.source.cartservice.redis-cart,istio_tcp_sent_bytes_total.-,1533308.0
1718651640,cartservice-1.source.cartservice.redis-cart,istio_tcp_sent_bytes_total.-,1557366.0
1718651640,cartservice-2.source.cartservice.redis-cart,istio_tcp_sent_bytes_total.-,1568976.0
1718651640,cartservice-0.source.cartservice.redis-cart,istio_tcp_sent_bytes_total.-,1540708.0
1718651760,cartservice-0.source.cartservice.redis-cart,istio_tcp_sent_bytes_total.-,5498.0
1718651820,cartservice-0.source.cartservice.redis-cart,istio_tcp_sent_bytes_total.-,13891.0
1718651820,cartservice-1.source.cartservice.redis-cart,istio_tcp_sent_bytes_total.-,9572.0
1718651820,cartservice-2.source.cartservice.redis-cart,istio_tcp_sent_bytes_total.-,7990.0
1718651880,cartservice-0.source.cartservice.redis-cart,istio_tcp_sent_bytes_total.-,19340.0
1718651880,cartservice-2.source.cartservice.redis-cart,istio_tcp_sent_bytes_total.-,15500.0
1718651880,cartservice-1.source.cartservice.redis-cart,istio_tcp_sent_bytes_total.-,15817.0
1718651940,cartservice-0.source.cartservice.redis-cart,istio_tcp_sent_bytes_total.-,27774.0
1718651940,cartservice-1.source.cartservice.redis-cart,istio_tcp_sent_bytes_total.-,24068.0
1718651940,cartservice-2.source.cartservice.redis-cart,istio_tcp_sent_bytes_total.-,24836.0
1718652000,cartservice-1.source.cartservice.redis-cart,istio_tcp_sent_bytes_total.-,34928.0
1718652000,cartservice-0.source.cartservice.redis-cart,istio_tcp_sent_bytes_total.-,37822.0
1718652000,cartservice-2.source.cartservice.redis-cart,istio_tcp_sent_bytes_total.-,33865.0
