timestamp,cmdb_id,kpi_name,value
1718651400,cartservice-0.source.cartservice.redis-cart,istio_tcp_connections_opened_total.-,2.0
1718651400,cartservice-2.source.cartservice.redis-cart,istio_tcp_connections_opened_total.-,2.0
1718651400,cartservice-1.source.cartservice.redis-cart,istio_tcp_connections_opened_total.-,2.0
1718651460,cartservice-0.source.cartservice.redis-cart,istio_tcp_connections_opened_total.-,2.0
1718651460,cartservice-2.source.cartservice.redis-cart,istio_tcp_connections_opened_total.-,2.0
1718651460,cartservice-1.source.cartservice.redis-cart,istio_tcp_connections_opened_total.-,2.0
1718651520,cartservice-0.source.cartservice.redis-cart,istio_tcp_connections_opened_total.-,2.0
1718651520,cartservice-2.source.cartservice.redis-cart,istio_tcp_connections_opened_total.-,2.0
1718651520,cartservice-1.source.cartservice.redis-cart,istio_tcp_connections_opened_total.-,2.0
1718651580,cartservice-2.source.cartservice.redis-cart,istio_tcp_connections_opened_total.-,2.0
1718651580,cartservice-1.source.cartservice.redis-cart,istio_tcp_connections_opened_total.-,2.0
1718651580,cartservice-0.source.cartservice.redis-cart,istio_tcp_connections_opened_total.-,2.0
1718651640,cartservice-1.source.cartservice.redis-cart,istio_tcp_connections_opened_total.-,2.0
1718651640,cartservice-2.source.cartservice.redis-cart,istio_tcp_connections_opened_total.-,2.0
1718651640,cartservice-0.source.cartservice.redis-cart,istio_tcp_connections_opened_total.-,2.0
1718651760,cartservice-0.source.cartservice.redis-cart,istio_tcp_connections_opened_total.-,2.0
1718651820,cartservice-0.source.cartservice.redis-cart,istio_tcp_connections_opened_total.-,2.0
1718651820,cartservice-1.source.cartservice.redis-cart,istio_tcp_connections_opened_total.-,2.0
1718651820,cartservice-2.source.cartservice.redis-cart,istio_tcp_connections_opened_total.-,2.0
1718651880,cartservice-0.source.cartservice.redis-cart,istio_tcp_connections_opened_total.-,2.0
1718651880,cartservice-2.source.cartservice.redis-cart,istio_tcp_connections_opened_total.-,2.0
1718651880,cartservice-1.source.cartservice.redis-cart,istio_tcp_connections_opened_total.-,2.0
1718651940,cartservice-0.source.cartservice.redis-cart,istio_tcp_connections_opened_total.-,2.0
1718651940,cartservice-1.source.cartservice.redis-cart,istio_tcp_connections_opened_total.-,2.0
1718651940,cartservice-2.source.cartservice.redis-cart,istio_tcp_connections_opened_total.-,2.0
1718652000,cartservice-1.source.cartservice.redis-cart,istio_tcp_connections_opened_total.-,2.0
1718652000,cartservice-0.source.cartservice.redis-cart,istio_tcp_connections_opened_total.-,2.0
1718652000,cartservice-2.source.cartservice.redis-cart,istio_tcp_connections_opened_total.-,2.0
