timestamp,cmdb_id,kpi_name,value
1718651400,cartservice-0.source.cartservice.redis-cart,istio_tcp_received_bytes_total.-,2159899.0
1718651400,cartservice-2.source.cartservice.redis-cart,istio_tcp_received_bytes_total.-,2178075.0
1718651400,cartservice-1.source.cartservice.redis-cart,istio_tcp_received_bytes_total.-,2154979.0
1718651460,cartservice-0.source.cartservice.redis-cart,istio_tcp_received_bytes_total.-,2169923.0
1718651460,cartservice-2.source.cartservice.redis-cart,istio_tcp_received_bytes_total.-,2189066.0
1718651460,cartservice-1.source.cartservice.redis-cart,istio_tcp_received_bytes_total.-,2167519.0
1718651520,cartservice-0.source.cartservice.redis-cart,istio_tcp_received_bytes_total.-,2180740.0
1718651520,cartservice-2.source.cartservice.redis-cart,istio_tcp_received_bytes_total.-,2202315.0
1718651520,cartservice-1.source.cartservice.redis-cart,istio_tcp_received_bytes_total.-,2179004.0
1718651580,cartservice-2.source.cartservice.redis-cart,istio_tcp_received_bytes_total.-,2213082.0
1718651580,cartservice-1.source.cartservice.redis-cart,istio_tcp_received_bytes_total.-,2190007.0
1718651580,cartservice-0.source.cartservice.redis-cart,istio_tcp_received_bytes_total.-,2190475.0
1718651640,cartservice-1.source.cartservice.redis-cart,istio_tcp_received_bytes_total.-,2201338.0
1718651640,cartservice-2.source.cartservice.redis-cart,istio_tcp_received_bytes_total.-,2225156.0
1718651640,cartservice-0.source.cartservice.redis-cart,istio_tcp_received_bytes_total.-,2201162.0
1718651760,cartservice-0.source.cartservice.redis-cart,istio_tcp_received_bytes_total.-,6789.0
1718651820,cartservice-0.source.cartservice.redis-cart,istio_tcp_received_bytes_total.-,20466.0
1718651820,cartservice-1.source.cartservice.redis-cart,istio_tcp_received_bytes_total.-,14471.0
1718651820,cartservice-2.source.cartservice.redis-cart,istio_tcp_received_bytes_total.-,12203.0
1718651880,cartservice-0.source.cartservice.redis-cart,istio_tcp_received_bytes_total.-,28528.0
1718651880,cartservice-2.source.cartservice.redis-cart,istio_tcp_received_bytes_total.-,25727.0
1718651880,cartservice-1.source.cartservice.redis-cart,istio_tcp_received_bytes_total.-,23777.0
1718651940,cartservice-0.source.cartservice.redis-cart,istio_tcp_received_bytes_total.-,39866.0
1718651940,cartservice-1.source.cartservice.redis-cart,istio_tcp_received_bytes_total.-,35719.0
1718651940,cartservice-2.source.cartservice.redis-cart,istio_tcp_received_bytes_total.-,39489.0
1718652000,cartservice-1.source.cartservice.redis-cart,istio_tcp_received_bytes_total.-,49715.0
1718652000,cartservice-0.source.cartservice.redis-cart,istio_tcp_received_bytes_total.-,54909.0
1718652000,cartservice-2.source.cartservice.redis-cart,istio_tcp_received_bytes_total.-,50639.0
