timestamp,cmdb_id,kpi_name,value
1718651400,observe.currencyservice-2,container_memory_working_set_bytes,76685312.0
1718651400,observe.frontend-0,container_memory_working_set_bytes,76533760.0
1718651400,observe.checkoutservice-2,container_memory_working_set_bytes,64307200.0
1718651400,observe.emailservice-0,container_memory_working_set_bytes,62455808.0
1718651400,observe.frontend-1,container_memory_working_set_bytes,71745536.0
1718651400,observe.paymentservice-2,container_memory_working_set_bytes,70094848.0
1718651400,observe.currencyservice-1,container_memory_working_set_bytes,83918848.0
1718651400,observe.frontend-2,container_memory_working_set_bytes,74563584.0
1718651400,observe.shippingservice-0,container_memory_working_set_bytes,56569856.0
1718651400,observe.cartservice-0,container_memory_working_set_bytes,114528256.0
1718651400,observe.shippingservice-2,container_memory_working_set_bytes,51937280.0
1718651400,observe.shippingservice-1,container_memory_working_set_bytes,51253248.0
1718651400,observe.productcatalogservice-1,container_memory_working_set_bytes,59146240.0
1718651400,observe.recommendationservice-2,container_memory_working_set_bytes,58167296.0
1718651400,observe.emailservice-1,container_memory_working_set_bytes,55422976.0
1718651400,observe.cartservice-1,container_memory_working_set_bytes,96542720.0
1718651400,observe.checkoutservice-1,container_memory_working_set_bytes,58036224.0
1718651400,observe.paymentservice-0,container_memory_working_set_bytes,74575872.0
1718651400,observe.emailservice-2,container_memory_working_set_bytes,53317632.0
1718651400,observe.productcatalogservice-0,container_memory_working_set_bytes,68608000.0
1718651400,observe.recommendationservice-1,container_memory_working_set_bytes,96763904.0
1718651400,observe.paymentservice-1,container_memory_working_set_bytes,71176192.0
1718651400,observe.recommendationservice-0,container_memory_working_set_bytes,92262400.0
1718651400,observe.productcatalogservice-2,container_memory_working_set_bytes,60723200.0
1718651400,observe.currencyservice-0,container_memory_working_set_bytes,78983168.0
1718651400,observe.cartservice-2,container_memory_working_set_bytes,103026688.0
1718651400,observe.checkoutservice-0,container_memory_working_set_bytes,62656512.0
1718651460,observe.paymentservice-0,container_memory_working_set_bytes,74317824.0
1718651460,observe.frontend-0,container_memory_working_set_bytes,76546048.0
1718651460,observe.emailservice-2,container_memory_working_set_bytes,53317632.0
1718651460,observe.checkoutservice-1,container_memory_working_set_bytes,57913344.0
1718651460,observe.productcatalogservice-2,container_memory_working_set_bytes,60723200.0
1718651460,observe.currencyservice-1,container_memory_working_set_bytes,84119552.0
1718651460,observe.paymentservice-2,container_memory_working_set_bytes,69562368.0
1718651460,observe.cartservice-1,container_memory_working_set_bytes,96542720.0
1718651460,observe.cartservice-0,container_memory_working_set_bytes,114638848.0
1718651460,observe.recommendationservice-0,container_memory_working_set_bytes,92262400.0
1718651460,observe.productcatalogservice-0,container_memory_working_set_bytes,68608000.0
1718651460,observe.emailservice-1,container_memory_working_set_bytes,55427072.0
1718651460,observe.currencyservice-0,container_memory_working_set_bytes,78983168.0
1718651460,observe.shippingservice-2,container_memory_working_set_bytes,51965952.0
1718651460,observe.checkoutservice-2,container_memory_working_set_bytes,64307200.0
1718651460,observe.recommendationservice-2,container_memory_working_set_bytes,58167296.0
1718651460,observe.productcatalogservice-1,container_memory_working_set_bytes,59146240.0
1718651460,observe.shippingservice-1,container_memory_working_set_bytes,51277824.0
1718651460,observe.frontend-2,container_memory_working_set_bytes,74379264.0
1718651460,observe.recommendationservice-1,container_memory_working_set_bytes,96763904.0
1718651460,observe.paymentservice-1,container_memory_working_set_bytes,70565888.0
1718651460,observe.cartservice-2,container_memory_working_set_bytes,103026688.0
1718651460,observe.frontend-1,container_memory_working_set_bytes,71811072.0
1718651460,observe.emailservice-0,container_memory_working_set_bytes,62455808.0
1718651460,observe.currencyservice-2,container_memory_working_set_bytes,76685312.0
1718651460,observe.checkoutservice-0,container_memory_working_set_bytes,62656512.0
1718651460,observe.shippingservice-0,container_memory_working_set_bytes,56406016.0
1718651520,observe.currencyservice-0,container_memory_working_set_bytes,78295040.0
1718651520,observe.recommendationservice-0,container_memory_working_set_bytes,91627520.0
1718651520,observe.paymentservice-1,container_memory_working_set_bytes,70422528.0
1718651520,observe.frontend-0,container_memory_working_set_bytes,76546048.0
1718651520,observe.productcatalogservice-2,container_memory_working_set_bytes,60645376.0
1718651520,observe.recommendationservice-1,container_memory_working_set_bytes,96763904.0
1718651520,observe.productcatalogservice-0,container_memory_working_set_bytes,69443584.0
1718651520,observe.checkoutservice-0,container_memory_working_set_bytes,63217664.0
1718651520,observe.cartservice-2,container_memory_working_set_bytes,103026688.0
1718651520,observe.currencyservice-2,container_memory_working_set_bytes,76156928.0
1718651520,observe.paymentservice-0,container_memory_working_set_bytes,73965568.0
1718651520,observe.cartservice-1,container_memory_working_set_bytes,96542720.0
1718651520,observe.shippingservice-0,container_memory_working_set_bytes,57036800.0
1718651520,observe.paymentservice-2,container_memory_working_set_bytes,69562368.0
1718651520,observe.recommendationservice-2,container_memory_working_set_bytes,58167296.0
1718651520,observe.emailservice-0,container_memory_working_set_bytes,62455808.0
1718651520,observe.checkoutservice-2,container_memory_working_set_bytes,63770624.0
1718651520,observe.checkoutservice-1,container_memory_working_set_bytes,57913344.0
1718651520,observe.cartservice-0,container_memory_working_set_bytes,114561024.0
1718651520,observe.productcatalogservice-1,container_memory_working_set_bytes,59453440.0
1718651520,observe.frontend-1,container_memory_working_set_bytes,71610368.0
1718651520,observe.emailservice-2,container_memory_working_set_bytes,53317632.0
1718651520,observe.currencyservice-1,container_memory_working_set_bytes,84779008.0
1718651520,observe.shippingservice-1,container_memory_working_set_bytes,51703808.0
1718651520,observe.shippingservice-2,container_memory_working_set_bytes,51965952.0
1718651520,observe.emailservice-1,container_memory_working_set_bytes,55066624.0
1718651520,observe.frontend-2,container_memory_working_set_bytes,74641408.0
1718651580,observe.frontend-2,container_memory_working_set_bytes,74903552.0
1718651580,observe.cartservice-2,container_memory_working_set_bytes,103071744.0
1718651580,observe.cartservice-0,container_memory_working_set_bytes,114561024.0
1718651580,observe.checkoutservice-1,container_memory_working_set_bytes,57970688.0
1718651580,observe.currencyservice-0,container_memory_working_set_bytes,77721600.0
1718651580,observe.emailservice-2,container_memory_working_set_bytes,53317632.0
1718651580,observe.paymentservice-0,container_memory_working_set_bytes,74006528.0
1718651580,observe.shippingservice-2,container_memory_working_set_bytes,52051968.0
1718651580,observe.recommendationservice-2,container_memory_working_set_bytes,58167296.0
1718651580,observe.shippingservice-0,container_memory_working_set_bytes,57036800.0
1718651580,observe.productcatalogservice-0,container_memory_working_set_bytes,68579328.0
1718651580,observe.checkoutservice-2,container_memory_working_set_bytes,63832064.0
1718651580,observe.emailservice-0,container_memory_working_set_bytes,62455808.0
1718651580,observe.paymentservice-2,container_memory_working_set_bytes,69967872.0
1718651580,observe.currencyservice-1,container_memory_working_set_bytes,84779008.0
1718651580,observe.frontend-1,container_memory_working_set_bytes,71335936.0
1718651580,observe.emailservice-1,container_memory_working_set_bytes,55066624.0
1718651580,observe.cartservice-1,container_memory_working_set_bytes,98123776.0
1718651580,observe.frontend-0,container_memory_working_set_bytes,75870208.0
1718651580,observe.productcatalogservice-1,container_memory_working_set_bytes,59453440.0
1718651580,observe.shippingservice-1,container_memory_working_set_bytes,51638272.0
1718651580,observe.paymentservice-1,container_memory_working_set_bytes,70422528.0
1718651580,observe.currencyservice-2,container_memory_working_set_bytes,75890688.0
1718651580,observe.recommendationservice-1,container_memory_working_set_bytes,96768000.0
1718651580,observe.recommendationservice-0,container_memory_working_set_bytes,91627520.0
1718651580,observe.productcatalogservice-2,container_memory_working_set_bytes,60805120.0
1718651580,observe.checkoutservice-0,container_memory_working_set_bytes,63238144.0
1718651640,observe.recommendationservice-1,container_memory_working_set_bytes,96768000.0
1718651640,observe.shippingservice-1,container_memory_working_set_bytes,51306496.0
1718651640,observe.frontend-1,container_memory_working_set_bytes,71610368.0
1718651640,observe.cartservice-2,container_memory_working_set_bytes,103129088.0
1718651640,observe.paymentservice-1,container_memory_working_set_bytes,70868992.0
1718651640,observe.currencyservice-2,container_memory_working_set_bytes,76509184.0
1718651640,observe.frontend-2,container_memory_working_set_bytes,74903552.0
1718651640,observe.recommendationservice-2,container_memory_working_set_bytes,58167296.0
1718651640,observe.productcatalogservice-1,container_memory_working_set_bytes,59572224.0
1718651640,observe.emailservice-0,container_memory_working_set_bytes,62455808.0
1718651640,observe.frontend-0,container_memory_working_set_bytes,76632064.0
1718651640,observe.shippingservice-0,container_memory_working_set_bytes,56664064.0
1718651640,observe.emailservice-2,container_memory_working_set_bytes,53317632.0
1718651640,observe.paymentservice-0,container_memory_working_set_bytes,74563584.0
1718651640,observe.currencyservice-0,container_memory_working_set_bytes,78020608.0
1718651640,observe.productcatalogservice-2,container_memory_working_set_bytes,60801024.0
1718651640,observe.recommendationservice-0,container_memory_working_set_bytes,91635712.0
1718651640,observe.productcatalogservice-0,container_memory_working_set_bytes,68894720.0
1718651640,observe.cartservice-1,container_memory_working_set_bytes,98160640.0
1718651640,observe.checkoutservice-2,container_memory_working_set_bytes,63840256.0
1718651640,observe.shippingservice-2,container_memory_working_set_bytes,51773440.0
1718651640,observe.emailservice-1,container_memory_working_set_bytes,55066624.0
1718651640,observe.checkoutservice-0,container_memory_working_set_bytes,63041536.0
1718651640,observe.cartservice-0,container_memory_working_set_bytes,114622464.0
1718651640,observe.currencyservice-1,container_memory_working_set_bytes,83742720.0
1718651640,observe.paymentservice-2,container_memory_working_set_bytes,70238208.0
1718651640,observe.checkoutservice-1,container_memory_working_set_bytes,57970688.0
1718651700,observe.currencyservice-0,container_memory_working_set_bytes,78024704.0
1718651700,observe.frontend-0,container_memory_working_set_bytes,77135872.0
1718651700,observe.paymentservice-1,container_memory_working_set_bytes,71159808.0
1718651700,observe.productcatalogservice-2,container_memory_working_set_bytes,61399040.0
1718651700,observe.checkoutservice-1,container_memory_working_set_bytes,57982976.0
1718651700,observe.emailservice-1,container_memory_working_set_bytes,55054336.0
1718651700,observe.productcatalogservice-0,container_memory_working_set_bytes,69431296.0
1718651700,observe.cartservice-2,container_memory_working_set_bytes,103129088.0
1718651700,observe.frontend-2,container_memory_working_set_bytes,74936320.0
1718651700,observe.productcatalogservice-1,container_memory_working_set_bytes,59551744.0
1718651700,observe.shippingservice-2,container_memory_working_set_bytes,51310592.0
1718651700,observe.frontend-1,container_memory_working_set_bytes,72052736.0
1718651700,observe.paymentservice-2,container_memory_working_set_bytes,70324224.0
1718651700,observe.checkoutservice-0,container_memory_working_set_bytes,63115264.0
1718651700,observe.currencyservice-1,container_memory_working_set_bytes,83742720.0
1718651700,observe.cartservice-1,container_memory_working_set_bytes,12468224.0
1718651700,observe.emailservice-0,container_memory_working_set_bytes,62451712.0
1718651700,observe.recommendationservice-0,container_memory_working_set_bytes,91635712.0
1718651700,observe.paymentservice-0,container_memory_working_set_bytes,74293248.0
1718651700,observe.currencyservice-2,container_memory_working_set_bytes,78848000.0
1718651700,observe.shippingservice-1,container_memory_working_set_bytes,51032064.0
1718651700,observe.recommendationservice-2,container_memory_working_set_bytes,58167296.0
1718651700,observe.checkoutservice-2,container_memory_working_set_bytes,63856640.0
1718651700,observe.shippingservice-0,container_memory_working_set_bytes,56664064.0
1718651700,observe.emailservice-2,container_memory_working_set_bytes,53317632.0
1718651700,observe.cartservice-0,container_memory_working_set_bytes,27049984.0
1718651700,observe.recommendationservice-1,container_memory_working_set_bytes,96763904.0
1718651760,observe.cartservice-0,container_memory_working_set_bytes,158543872.0
1718651760,observe.checkoutservice-1,container_memory_working_set_bytes,58224640.0
1718651760,observe.checkoutservice-0,container_memory_working_set_bytes,62943232.0
1718651760,observe.shippingservice-1,container_memory_working_set_bytes,51032064.0
1718651760,observe.currencyservice-0,container_memory_working_set_bytes,80318464.0
1718651760,observe.frontend-1,container_memory_working_set_bytes,72519680.0
1718651760,observe.productcatalogservice-0,container_memory_working_set_bytes,69431296.0
1718651760,observe.frontend-0,container_memory_working_set_bytes,76578816.0
1718651760,observe.emailservice-2,container_memory_working_set_bytes,53317632.0
1718651760,observe.paymentservice-0,container_memory_working_set_bytes,74293248.0
1718651760,observe.shippingservice-2,container_memory_working_set_bytes,51322880.0
1718651760,observe.paymentservice-2,container_memory_working_set_bytes,70004736.0
1718651760,observe.checkoutservice-2,container_memory_working_set_bytes,63930368.0
1718651760,observe.recommendationservice-0,container_memory_working_set_bytes,91631616.0
1718651760,observe.emailservice-1,container_memory_working_set_bytes,55054336.0
1718651760,observe.emailservice-0,container_memory_working_set_bytes,62451712.0
1718651760,observe.frontend-2,container_memory_working_set_bytes,75190272.0
1718651760,observe.recommendationservice-2,container_memory_working_set_bytes,58167296.0
1718651760,observe.productcatalogservice-2,container_memory_working_set_bytes,61247488.0
1718651760,observe.recommendationservice-1,container_memory_working_set_bytes,96763904.0
1718651760,observe.productcatalogservice-1,container_memory_working_set_bytes,59301888.0
1718651760,observe.cartservice-1,container_memory_working_set_bytes,104505344.0
1718651760,observe.paymentservice-1,container_memory_working_set_bytes,71159808.0
1718651760,observe.cartservice-2,container_memory_working_set_bytes,13570048.0
1718651760,observe.shippingservice-0,container_memory_working_set_bytes,56233984.0
1718651760,observe.currencyservice-1,container_memory_working_set_bytes,85565440.0
1718651760,observe.currencyservice-2,container_memory_working_set_bytes,78848000.0
1718651820,observe.emailservice-2,container_memory_working_set_bytes,53317632.0
1718651820,observe.cartservice-1,container_memory_working_set_bytes,104505344.0
1718651820,observe.recommendationservice-0,container_memory_working_set_bytes,91635712.0
1718651820,observe.checkoutservice-2,container_memory_working_set_bytes,63930368.0
1718651820,observe.currencyservice-0,container_memory_working_set_bytes,77885440.0
1718651820,observe.emailservice-1,container_memory_working_set_bytes,55058432.0
1718651820,observe.productcatalogservice-2,container_memory_working_set_bytes,61661184.0
1718651820,observe.currencyservice-1,container_memory_working_set_bytes,85024768.0
1718651820,observe.paymentservice-2,container_memory_working_set_bytes,69816320.0
1718651820,observe.frontend-0,container_memory_working_set_bytes,76578816.0
1718651820,observe.recommendationservice-1,container_memory_working_set_bytes,96763904.0
1718651820,observe.checkoutservice-0,container_memory_working_set_bytes,62943232.0
1718651820,observe.paymentservice-1,container_memory_working_set_bytes,70787072.0
1718651820,observe.currencyservice-2,container_memory_working_set_bytes,75792384.0
1718651820,observe.shippingservice-0,container_memory_working_set_bytes,56250368.0
1718651820,observe.cartservice-2,container_memory_working_set_bytes,108670976.0
1718651820,observe.productcatalogservice-1,container_memory_working_set_bytes,59514880.0
1718651820,observe.recommendationservice-2,container_memory_working_set_bytes,58761216.0
1718651820,observe.frontend-2,container_memory_working_set_bytes,74727424.0
1718651820,observe.productcatalogservice-0,container_memory_working_set_bytes,69152768.0
1718651820,observe.emailservice-0,container_memory_working_set_bytes,62455808.0
1718651820,observe.shippingservice-2,container_memory_working_set_bytes,51322880.0
1718651820,observe.cartservice-0,container_memory_working_set_bytes,158633984.0
1718651820,observe.checkoutservice-1,container_memory_working_set_bytes,58224640.0
1718651820,observe.shippingservice-1,container_memory_working_set_bytes,51138560.0
1718651820,observe.paymentservice-0,container_memory_working_set_bytes,73846784.0
1718651820,observe.frontend-1,container_memory_working_set_bytes,71221248.0
1718651880,observe.frontend-1,container_memory_working_set_bytes,71544832.0
1718651880,observe.paymentservice-1,container_memory_working_set_bytes,70787072.0
1718651880,observe.currencyservice-1,container_memory_working_set_bytes,84004864.0
1718651880,observe.frontend-0,container_memory_working_set_bytes,76587008.0
1718651880,observe.currencyservice-2,container_memory_working_set_bytes,76185600.0
1718651880,observe.productcatalogservice-1,container_memory_working_set_bytes,59248640.0
1718651880,observe.emailservice-0,container_memory_working_set_bytes,62455808.0
1718651880,observe.recommendationservice-1,container_memory_working_set_bytes,96894976.0
1718651880,observe.emailservice-1,container_memory_working_set_bytes,55058432.0
1718651880,observe.checkoutservice-2,container_memory_working_set_bytes,63954944.0
1718651880,observe.shippingservice-1,container_memory_working_set_bytes,51138560.0
1718651880,observe.paymentservice-2,container_memory_working_set_bytes,69816320.0
1718651880,observe.cartservice-1,container_memory_working_set_bytes,105353216.0
1718651880,observe.frontend-2,container_memory_working_set_bytes,74203136.0
1718651880,observe.productcatalogservice-0,container_memory_working_set_bytes,69103616.0
1718651880,observe.checkoutservice-1,container_memory_working_set_bytes,57331712.0
1718651880,observe.emailservice-2,container_memory_working_set_bytes,53317632.0
1718651880,observe.currencyservice-0,container_memory_working_set_bytes,77885440.0
1718651880,observe.cartservice-0,container_memory_working_set_bytes,158633984.0
1718651880,observe.paymentservice-0,container_memory_working_set_bytes,74194944.0
1718651880,observe.recommendationservice-2,container_memory_working_set_bytes,58761216.0
1718651880,observe.recommendationservice-0,container_memory_working_set_bytes,91635712.0
1718651880,observe.shippingservice-2,container_memory_working_set_bytes,52019200.0
1718651880,observe.cartservice-2,container_memory_working_set_bytes,104812544.0
1718651880,observe.checkoutservice-0,container_memory_working_set_bytes,62943232.0
1718651880,observe.shippingservice-0,container_memory_working_set_bytes,56246272.0
1718651880,observe.productcatalogservice-2,container_memory_working_set_bytes,60973056.0
1718651940,observe.paymentservice-0,container_memory_working_set_bytes,74194944.0
1718651940,observe.shippingservice-1,container_memory_working_set_bytes,51175424.0
1718651940,observe.checkoutservice-1,container_memory_working_set_bytes,57331712.0
1718651940,observe.checkoutservice-0,container_memory_working_set_bytes,62943232.0
1718651940,observe.shippingservice-0,container_memory_working_set_bytes,56246272.0
1718651940,observe.cartservice-2,container_memory_working_set_bytes,101982208.0
1718651940,observe.frontend-1,container_memory_working_set_bytes,71544832.0
1718651940,observe.recommendationservice-1,container_memory_working_set_bytes,96763904.0
1718651940,observe.frontend-2,container_memory_working_set_bytes,74432512.0
1718651940,observe.currencyservice-2,container_memory_working_set_bytes,76226560.0
1718651940,observe.productcatalogservice-1,container_memory_working_set_bytes,59531264.0
1718651940,observe.recommendationservice-2,container_memory_working_set_bytes,58818560.0
1718651940,observe.cartservice-0,container_memory_working_set_bytes,152694784.0
1718651940,observe.productcatalogservice-0,container_memory_working_set_bytes,69029888.0
1718651940,observe.frontend-0,container_memory_working_set_bytes,76046336.0
1718651940,observe.checkoutservice-2,container_memory_working_set_bytes,63959040.0
1718651940,observe.shippingservice-2,container_memory_working_set_bytes,52019200.0
1718651940,observe.recommendationservice-0,container_memory_working_set_bytes,91635712.0
1718651940,observe.productcatalogservice-2,container_memory_working_set_bytes,61091840.0
1718651940,observe.currencyservice-0,container_memory_working_set_bytes,78118912.0
1718651940,observe.paymentservice-2,container_memory_working_set_bytes,69992448.0
1718651940,observe.cartservice-1,container_memory_working_set_bytes,103612416.0
1718651940,observe.emailservice-2,container_memory_working_set_bytes,53317632.0
1718651940,observe.currencyservice-1,container_memory_working_set_bytes,84004864.0
1718651940,observe.emailservice-0,container_memory_working_set_bytes,62455808.0
1718651940,observe.paymentservice-1,container_memory_working_set_bytes,70701056.0
1718651940,observe.emailservice-1,container_memory_working_set_bytes,55058432.0
1718652000,observe.shippingservice-0,container_memory_working_set_bytes,56270848.0
1718652000,observe.recommendationservice-2,container_memory_working_set_bytes,58388480.0
1718652000,observe.checkoutservice-0,container_memory_working_set_bytes,62943232.0
1718652000,observe.cartservice-1,container_memory_working_set_bytes,103612416.0
1718652000,observe.currencyservice-2,container_memory_working_set_bytes,76226560.0
1718652000,observe.productcatalogservice-1,container_memory_working_set_bytes,59256832.0
1718652000,observe.productcatalogservice-2,container_memory_working_set_bytes,60682240.0
1718652000,observe.currencyservice-1,container_memory_working_set_bytes,84262912.0
1718652000,observe.cartservice-2,container_memory_working_set_bytes,101982208.0
1718652000,observe.productcatalogservice-0,container_memory_working_set_bytes,69029888.0
1718652000,observe.shippingservice-2,container_memory_working_set_bytes,52051968.0
1718652000,observe.checkoutservice-2,container_memory_working_set_bytes,63959040.0
1718652000,observe.recommendationservice-1,container_memory_working_set_bytes,96763904.0
1718652000,observe.frontend-1,container_memory_working_set_bytes,72003584.0
1718652000,observe.recommendationservice-0,container_memory_working_set_bytes,91635712.0
1718652000,observe.frontend-2,container_memory_working_set_bytes,74940416.0
1718652000,observe.cartservice-0,container_memory_working_set_bytes,149680128.0
1718652000,observe.currencyservice-0,container_memory_working_set_bytes,78680064.0
1718652000,observe.checkoutservice-1,container_memory_working_set_bytes,58171392.0
1718652000,observe.paymentservice-2,container_memory_working_set_bytes,69885952.0
1718652000,observe.shippingservice-1,container_memory_working_set_bytes,51175424.0
1718652000,observe.frontend-0,container_memory_working_set_bytes,76582912.0
1718652000,observe.emailservice-0,container_memory_working_set_bytes,62455808.0
1718652000,observe.paymentservice-0,container_memory_working_set_bytes,74289152.0
1718652000,observe.emailservice-2,container_memory_working_set_bytes,53198848.0
1718652000,observe.emailservice-1,container_memory_working_set_bytes,55058432.0
1718652000,observe.paymentservice-1,container_memory_working_set_bytes,70701056.0
