timestamp,cmdb_id,kpi_name,value
1718651400,observe.currencyservice-2,container_cpu_system_seconds_total,10492.62
1718651400,observe.frontend-0,container_cpu_system_seconds_total,20845.08
1718651400,observe.checkoutservice-2,container_cpu_system_seconds_total,2421.14
1718651400,observe.emailservice-0,container_cpu_system_seconds_total,1718.82
1718651400,observe.frontend-1,container_cpu_system_seconds_total,20825.14
1718651400,observe.paymentservice-2,container_cpu_system_seconds_total,3524.95
1718651400,observe.currencyservice-1,container_cpu_system_seconds_total,10523.12
1718651400,observe.frontend-2,container_cpu_system_seconds_total,20462.3
1718651400,observe.shippingservice-0,container_cpu_system_seconds_total,2028.54
1718651400,observe.cartservice-0,container_cpu_system_seconds_total,8327.89
1718651400,observe.shippingservice-2,container_cpu_system_seconds_total,2193.76
1718651400,observe.shippingservice-1,container_cpu_system_seconds_total,2055.44
1718651400,observe.productcatalogservice-1,container_cpu_system_seconds_total,9721.64
1718651400,observe.recommendationservice-2,container_cpu_system_seconds_total,3463.96
1718651400,observe.emailservice-1,container_cpu_system_seconds_total,1583.55
1718651400,observe.cartservice-1,container_cpu_system_seconds_total,8352.69
1718651400,observe.checkoutservice-1,container_cpu_system_seconds_total,2345.77
1718651400,observe.paymentservice-0,container_cpu_system_seconds_total,3481.44
1718651400,observe.emailservice-2,container_cpu_system_seconds_total,1683.04
1718651400,observe.productcatalogservice-0,container_cpu_system_seconds_total,9824.37
1718651400,observe.recommendationservice-1,container_cpu_system_seconds_total,3493.02
1718651400,observe.paymentservice-1,container_cpu_system_seconds_total,3628.4
1718651400,observe.recommendationservice-0,container_cpu_system_seconds_total,3366.89
1718651400,observe.productcatalogservice-2,container_cpu_system_seconds_total,9601.19
1718651400,observe.currencyservice-0,container_cpu_system_seconds_total,10571.96
1718651400,observe.cartservice-2,container_cpu_system_seconds_total,8176.36
1718651400,observe.checkoutservice-0,container_cpu_system_seconds_total,2472.19
1718651460,observe.paymentservice-0,container_cpu_system_seconds_total,3481.52
1718651460,observe.frontend-0,container_cpu_system_seconds_total,20846.1
1718651460,observe.emailservice-2,container_cpu_system_seconds_total,1683.14
1718651460,observe.checkoutservice-1,container_cpu_system_seconds_total,2345.81
1718651460,observe.productcatalogservice-2,container_cpu_system_seconds_total,9601.19
1718651460,observe.currencyservice-1,container_cpu_system_seconds_total,10523.39
1718651460,observe.paymentservice-2,container_cpu_system_seconds_total,3525.14
1718651460,observe.cartservice-1,container_cpu_system_seconds_total,8353.11
1718651460,observe.cartservice-0,container_cpu_system_seconds_total,8328.28
1718651460,observe.recommendationservice-0,container_cpu_system_seconds_total,3366.89
1718651460,observe.productcatalogservice-0,container_cpu_system_seconds_total,9824.37
1718651460,observe.emailservice-1,container_cpu_system_seconds_total,1583.61
1718651460,observe.currencyservice-0,container_cpu_system_seconds_total,10571.96
1718651460,observe.shippingservice-2,container_cpu_system_seconds_total,2193.87
1718651460,observe.checkoutservice-2,container_cpu_system_seconds_total,2421.14
1718651460,observe.recommendationservice-2,container_cpu_system_seconds_total,3464.09
1718651460,observe.productcatalogservice-1,container_cpu_system_seconds_total,9721.64
1718651460,observe.shippingservice-1,container_cpu_system_seconds_total,2055.52
1718651460,observe.frontend-2,container_cpu_system_seconds_total,20462.79
1718651460,observe.recommendationservice-1,container_cpu_system_seconds_total,3493.18
1718651460,observe.paymentservice-1,container_cpu_system_seconds_total,3628.61
1718651460,observe.cartservice-2,container_cpu_system_seconds_total,8176.6
1718651460,observe.frontend-1,container_cpu_system_seconds_total,20825.72
1718651460,observe.emailservice-0,container_cpu_system_seconds_total,1718.88
1718651460,observe.currencyservice-2,container_cpu_system_seconds_total,10492.62
1718651460,observe.checkoutservice-0,container_cpu_system_seconds_total,2472.19
1718651460,observe.shippingservice-0,container_cpu_system_seconds_total,2028.67
1718651520,observe.currencyservice-0,container_cpu_system_seconds_total,10572.27
1718651520,observe.recommendationservice-0,container_cpu_system_seconds_total,3367.09
1718651520,observe.paymentservice-1,container_cpu_system_seconds_total,3628.72
1718651520,observe.frontend-0,container_cpu_system_seconds_total,20846.1
1718651520,observe.productcatalogservice-2,container_cpu_system_seconds_total,9601.5
1718651520,observe.recommendationservice-1,container_cpu_system_seconds_total,3493.18
1718651520,observe.productcatalogservice-0,container_cpu_system_seconds_total,9824.7
1718651520,observe.checkoutservice-0,container_cpu_system_seconds_total,2472.35
1718651520,observe.cartservice-2,container_cpu_system_seconds_total,8176.6
1718651520,observe.currencyservice-2,container_cpu_system_seconds_total,10493.0
1718651520,observe.paymentservice-0,container_cpu_system_seconds_total,3481.62
1718651520,observe.cartservice-1,container_cpu_system_seconds_total,8353.11
1718651520,observe.shippingservice-0,container_cpu_system_seconds_total,2028.72
1718651520,observe.paymentservice-2,container_cpu_system_seconds_total,3525.14
1718651520,observe.recommendationservice-2,container_cpu_system_seconds_total,3464.09
1718651520,observe.emailservice-0,container_cpu_system_seconds_total,1718.88
1718651520,observe.checkoutservice-2,container_cpu_system_seconds_total,2421.24
1718651520,observe.checkoutservice-1,container_cpu_system_seconds_total,2345.81
1718651520,observe.cartservice-0,container_cpu_system_seconds_total,8328.48
1718651520,observe.productcatalogservice-1,container_cpu_system_seconds_total,9722.17
1718651520,observe.frontend-1,container_cpu_system_seconds_total,20826.28
1718651520,observe.emailservice-2,container_cpu_system_seconds_total,1683.17
1718651520,observe.currencyservice-1,container_cpu_system_seconds_total,10523.93
1718651520,observe.shippingservice-1,container_cpu_system_seconds_total,2055.58
1718651520,observe.shippingservice-2,container_cpu_system_seconds_total,2193.87
1718651520,observe.emailservice-1,container_cpu_system_seconds_total,1583.67
1718651520,observe.frontend-2,container_cpu_system_seconds_total,20463.23
1718651580,observe.frontend-2,container_cpu_system_seconds_total,20463.78
1718651580,observe.cartservice-2,container_cpu_system_seconds_total,8176.76
1718651580,observe.cartservice-0,container_cpu_system_seconds_total,8328.48
1718651580,observe.checkoutservice-1,container_cpu_system_seconds_total,2345.91
1718651580,observe.currencyservice-0,container_cpu_system_seconds_total,10572.5
1718651580,observe.emailservice-2,container_cpu_system_seconds_total,1683.17
1718651580,observe.paymentservice-0,container_cpu_system_seconds_total,3481.73
1718651580,observe.shippingservice-2,container_cpu_system_seconds_total,2193.94
1718651580,observe.recommendationservice-2,container_cpu_system_seconds_total,3464.29
1718651580,observe.shippingservice-0,container_cpu_system_seconds_total,2028.72
1718651580,observe.productcatalogservice-0,container_cpu_system_seconds_total,9825.15
1718651580,observe.checkoutservice-2,container_cpu_system_seconds_total,2421.32
1718651580,observe.emailservice-0,container_cpu_system_seconds_total,1718.94
1718651580,observe.paymentservice-2,container_cpu_system_seconds_total,3525.26
1718651580,observe.currencyservice-1,container_cpu_system_seconds_total,10523.93
1718651580,observe.frontend-1,container_cpu_system_seconds_total,20826.78
1718651580,observe.emailservice-1,container_cpu_system_seconds_total,1583.67
1718651580,observe.cartservice-1,container_cpu_system_seconds_total,8353.26
1718651580,observe.frontend-0,container_cpu_system_seconds_total,20846.76
1718651580,observe.productcatalogservice-1,container_cpu_system_seconds_total,9722.17
1718651580,observe.shippingservice-1,container_cpu_system_seconds_total,2055.72
1718651580,observe.paymentservice-1,container_cpu_system_seconds_total,3628.72
1718651580,observe.currencyservice-2,container_cpu_system_seconds_total,10493.48
1718651580,observe.recommendationservice-1,container_cpu_system_seconds_total,3493.35
1718651580,observe.recommendationservice-0,container_cpu_system_seconds_total,3367.18
1718651580,observe.productcatalogservice-2,container_cpu_system_seconds_total,9601.72
1718651580,observe.checkoutservice-0,container_cpu_system_seconds_total,2472.39
1718651640,observe.recommendationservice-1,container_cpu_system_seconds_total,3493.35
1718651640,observe.shippingservice-1,container_cpu_system_seconds_total,2055.8
1718651640,observe.frontend-1,container_cpu_system_seconds_total,20827.35
1718651640,observe.cartservice-2,container_cpu_system_seconds_total,8177.2
1718651640,observe.paymentservice-1,container_cpu_system_seconds_total,3628.84
1718651640,observe.currencyservice-2,container_cpu_system_seconds_total,10493.78
1718651640,observe.frontend-2,container_cpu_system_seconds_total,20463.78
1718651640,observe.recommendationservice-2,container_cpu_system_seconds_total,3464.4
1718651640,observe.productcatalogservice-1,container_cpu_system_seconds_total,9722.51
1718651640,observe.emailservice-0,container_cpu_system_seconds_total,1718.99
1718651640,observe.frontend-0,container_cpu_system_seconds_total,20847.67
1718651640,observe.shippingservice-0,container_cpu_system_seconds_total,2028.89
1718651640,observe.emailservice-2,container_cpu_system_seconds_total,1683.22
1718651640,observe.paymentservice-0,container_cpu_system_seconds_total,3481.98
1718651640,observe.currencyservice-0,container_cpu_system_seconds_total,10572.76
1718651640,observe.productcatalogservice-2,container_cpu_system_seconds_total,9602.0
1718651640,observe.recommendationservice-0,container_cpu_system_seconds_total,3367.26
1718651640,observe.productcatalogservice-0,container_cpu_system_seconds_total,9825.39
1718651640,observe.cartservice-1,container_cpu_system_seconds_total,8353.44
1718651640,observe.checkoutservice-2,container_cpu_system_seconds_total,2421.4
1718651640,observe.shippingservice-2,container_cpu_system_seconds_total,2194.02
1718651640,observe.emailservice-1,container_cpu_system_seconds_total,1583.72
1718651640,observe.checkoutservice-0,container_cpu_system_seconds_total,2472.46
1718651640,observe.cartservice-0,container_cpu_system_seconds_total,8328.68
1718651640,observe.currencyservice-1,container_cpu_system_seconds_total,10524.38
1718651640,observe.paymentservice-2,container_cpu_system_seconds_total,3525.39
1718651640,observe.checkoutservice-1,container_cpu_system_seconds_total,2345.91
1718651700,observe.currencyservice-0,container_cpu_system_seconds_total,10573.08
1718651700,observe.frontend-0,container_cpu_system_seconds_total,20848.75
1718651700,observe.paymentservice-1,container_cpu_system_seconds_total,3629.05
1718651700,observe.productcatalogservice-2,container_cpu_system_seconds_total,9602.24
1718651700,observe.checkoutservice-1,container_cpu_system_seconds_total,2345.98
1718651700,observe.emailservice-1,container_cpu_system_seconds_total,1583.8
1718651700,observe.productcatalogservice-0,container_cpu_system_seconds_total,9825.67
1718651700,observe.cartservice-2,container_cpu_system_seconds_total,8177.2
1718651700,observe.frontend-2,container_cpu_system_seconds_total,20464.42
1718651700,observe.productcatalogservice-1,container_cpu_system_seconds_total,9722.77
1718651700,observe.shippingservice-2,container_cpu_system_seconds_total,2194.13
1718651700,observe.frontend-1,container_cpu_system_seconds_total,20829.02
1718651700,observe.paymentservice-2,container_cpu_system_seconds_total,3525.5
1718651700,observe.checkoutservice-0,container_cpu_system_seconds_total,2472.56
1718651700,observe.currencyservice-1,container_cpu_system_seconds_total,10524.38
1718651700,observe.cartservice-1,container_cpu_system_seconds_total,8353.7
1718651700,observe.emailservice-0,container_cpu_system_seconds_total,1719.1
1718651700,observe.recommendationservice-0,container_cpu_system_seconds_total,3367.26
1718651700,observe.paymentservice-0,container_cpu_system_seconds_total,3482.09
1718651700,observe.currencyservice-2,container_cpu_system_seconds_total,10494.18
1718651700,observe.shippingservice-1,container_cpu_system_seconds_total,2055.87
1718651700,observe.recommendationservice-2,container_cpu_system_seconds_total,3464.4
1718651700,observe.checkoutservice-2,container_cpu_system_seconds_total,2421.47
1718651700,observe.shippingservice-0,container_cpu_system_seconds_total,2028.89
1718651700,observe.emailservice-2,container_cpu_system_seconds_total,1683.32
1718651700,observe.cartservice-0,container_cpu_system_seconds_total,8329.0
1718651700,observe.recommendationservice-1,container_cpu_system_seconds_total,3493.44
1718651760,observe.cartservice-0,container_cpu_system_seconds_total,8329.86
1718651760,observe.checkoutservice-1,container_cpu_system_seconds_total,2346.06
1718651760,observe.checkoutservice-0,container_cpu_system_seconds_total,2472.64
1718651760,observe.shippingservice-1,container_cpu_system_seconds_total,2055.87
1718651760,observe.currencyservice-0,container_cpu_system_seconds_total,10573.48
1718651760,observe.frontend-1,container_cpu_system_seconds_total,20829.65
1718651760,observe.productcatalogservice-0,container_cpu_system_seconds_total,9825.67
1718651760,observe.frontend-0,container_cpu_system_seconds_total,20849.49
1718651760,observe.emailservice-2,container_cpu_system_seconds_total,1683.32
1718651760,observe.paymentservice-0,container_cpu_system_seconds_total,3482.09
1718651760,observe.shippingservice-2,container_cpu_system_seconds_total,2194.18
1718651760,observe.paymentservice-2,container_cpu_system_seconds_total,3525.64
1718651760,observe.checkoutservice-2,container_cpu_system_seconds_total,2421.54
1718651760,observe.recommendationservice-0,container_cpu_system_seconds_total,3367.32
1718651760,observe.emailservice-1,container_cpu_system_seconds_total,1583.8
1718651760,observe.emailservice-0,container_cpu_system_seconds_total,1719.1
1718651760,observe.frontend-2,container_cpu_system_seconds_total,20465.57
1718651760,observe.recommendationservice-2,container_cpu_system_seconds_total,3464.58
1718651760,observe.productcatalogservice-2,container_cpu_system_seconds_total,9602.52
1718651760,observe.recommendationservice-1,container_cpu_system_seconds_total,3493.44
1718651760,observe.productcatalogservice-1,container_cpu_system_seconds_total,9723.04
1718651760,observe.cartservice-1,container_cpu_system_seconds_total,8354.27
1718651760,observe.paymentservice-1,container_cpu_system_seconds_total,3629.05
1718651760,observe.cartservice-2,container_cpu_system_seconds_total,8177.34
1718651760,observe.shippingservice-0,container_cpu_system_seconds_total,2028.94
1718651760,observe.currencyservice-1,container_cpu_system_seconds_total,10524.84
1718651760,observe.currencyservice-2,container_cpu_system_seconds_total,10494.18
1718651820,observe.emailservice-2,container_cpu_system_seconds_total,1683.38
1718651820,observe.cartservice-1,container_cpu_system_seconds_total,8354.27
1718651820,observe.recommendationservice-0,container_cpu_system_seconds_total,3367.46
1718651820,observe.checkoutservice-2,container_cpu_system_seconds_total,2421.54
1718651820,observe.currencyservice-0,container_cpu_system_seconds_total,10574.0
1718651820,observe.emailservice-1,container_cpu_system_seconds_total,1583.86
1718651820,observe.productcatalogservice-2,container_cpu_system_seconds_total,9602.75
1718651820,observe.currencyservice-1,container_cpu_system_seconds_total,10525.15
1718651820,observe.paymentservice-2,container_cpu_system_seconds_total,3525.86
1718651820,observe.frontend-0,container_cpu_system_seconds_total,20849.49
1718651820,observe.recommendationservice-1,container_cpu_system_seconds_total,3493.55
1718651820,observe.checkoutservice-0,container_cpu_system_seconds_total,2472.64
1718651820,observe.paymentservice-1,container_cpu_system_seconds_total,3629.23
1718651820,observe.currencyservice-2,container_cpu_system_seconds_total,10494.77
1718651820,observe.shippingservice-0,container_cpu_system_seconds_total,2029.06
1718651820,observe.cartservice-2,container_cpu_system_seconds_total,8177.96
1718651820,observe.productcatalogservice-1,container_cpu_system_seconds_total,9723.29
1718651820,observe.recommendationservice-2,container_cpu_system_seconds_total,3464.72
1718651820,observe.frontend-2,container_cpu_system_seconds_total,20466.0
1718651820,observe.productcatalogservice-0,container_cpu_system_seconds_total,9825.98
1718651820,observe.emailservice-0,container_cpu_system_seconds_total,1719.17
1718651820,observe.shippingservice-2,container_cpu_system_seconds_total,2194.18
1718651820,observe.cartservice-0,container_cpu_system_seconds_total,8330.08
1718651820,observe.checkoutservice-1,container_cpu_system_seconds_total,2346.06
1718651820,observe.shippingservice-1,container_cpu_system_seconds_total,2055.98
1718651820,observe.paymentservice-0,container_cpu_system_seconds_total,3482.27
1718651820,observe.frontend-1,container_cpu_system_seconds_total,20830.25
1718651880,observe.frontend-1,container_cpu_system_seconds_total,20830.78
1718651880,observe.paymentservice-1,container_cpu_system_seconds_total,3629.23
1718651880,observe.currencyservice-1,container_cpu_system_seconds_total,10525.8
1718651880,observe.frontend-0,container_cpu_system_seconds_total,20850.08
1718651880,observe.currencyservice-2,container_cpu_system_seconds_total,10495.08
1718651880,observe.productcatalogservice-1,container_cpu_system_seconds_total,9723.57
1718651880,observe.emailservice-0,container_cpu_system_seconds_total,1719.28
1718651880,observe.recommendationservice-1,container_cpu_system_seconds_total,3493.62
1718651880,observe.emailservice-1,container_cpu_system_seconds_total,1583.94
1718651880,observe.checkoutservice-2,container_cpu_system_seconds_total,2421.72
1718651880,observe.shippingservice-1,container_cpu_system_seconds_total,2055.98
1718651880,observe.paymentservice-2,container_cpu_system_seconds_total,3525.86
1718651880,observe.cartservice-1,container_cpu_system_seconds_total,8354.66
1718651880,observe.frontend-2,container_cpu_system_seconds_total,20466.6
1718651880,observe.productcatalogservice-0,container_cpu_system_seconds_total,9826.32
1718651880,observe.checkoutservice-1,container_cpu_system_seconds_total,2346.16
1718651880,observe.emailservice-2,container_cpu_system_seconds_total,1683.44
1718651880,observe.currencyservice-0,container_cpu_system_seconds_total,10574.0
1718651880,observe.cartservice-0,container_cpu_system_seconds_total,8330.08
1718651880,observe.paymentservice-0,container_cpu_system_seconds_total,3482.37
1718651880,observe.recommendationservice-2,container_cpu_system_seconds_total,3464.72
1718651880,observe.recommendationservice-0,container_cpu_system_seconds_total,3367.53
1718651880,observe.shippingservice-2,container_cpu_system_seconds_total,2194.32
1718651880,observe.cartservice-2,container_cpu_system_seconds_total,8178.21
1718651880,observe.checkoutservice-0,container_cpu_system_seconds_total,2472.79
1718651880,observe.shippingservice-0,container_cpu_system_seconds_total,2029.11
1718651880,observe.productcatalogservice-2,container_cpu_system_seconds_total,9602.96
1718651940,observe.paymentservice-0,container_cpu_system_seconds_total,3482.37
1718651940,observe.shippingservice-1,container_cpu_system_seconds_total,2056.08
1718651940,observe.checkoutservice-1,container_cpu_system_seconds_total,2346.16
1718651940,observe.checkoutservice-0,container_cpu_system_seconds_total,2472.86
1718651940,observe.shippingservice-0,container_cpu_system_seconds_total,2029.11
1718651940,observe.cartservice-2,container_cpu_system_seconds_total,8178.64
1718651940,observe.frontend-1,container_cpu_system_seconds_total,20830.78
1718651940,observe.recommendationservice-1,container_cpu_system_seconds_total,3493.79
1718651940,observe.frontend-2,container_cpu_system_seconds_total,20467.07
1718651940,observe.currencyservice-2,container_cpu_system_seconds_total,10495.41
1718651940,observe.productcatalogservice-1,container_cpu_system_seconds_total,9723.77
1718651940,observe.recommendationservice-2,container_cpu_system_seconds_total,3464.84
1718651940,observe.cartservice-0,container_cpu_system_seconds_total,8330.49
1718651940,observe.productcatalogservice-0,container_cpu_system_seconds_total,9826.78
1718651940,observe.frontend-0,container_cpu_system_seconds_total,20850.64
1718651940,observe.checkoutservice-2,container_cpu_system_seconds_total,2421.78
1718651940,observe.shippingservice-2,container_cpu_system_seconds_total,2194.32
1718651940,observe.recommendationservice-0,container_cpu_system_seconds_total,3367.71
1718651940,observe.productcatalogservice-2,container_cpu_system_seconds_total,9603.23
1718651940,observe.currencyservice-0,container_cpu_system_seconds_total,10574.65
1718651940,observe.paymentservice-2,container_cpu_system_seconds_total,3526.12
1718651940,observe.cartservice-1,container_cpu_system_seconds_total,8354.88
1718651940,observe.emailservice-2,container_cpu_system_seconds_total,1683.52
1718651940,observe.currencyservice-1,container_cpu_system_seconds_total,10525.8
1718651940,observe.emailservice-0,container_cpu_system_seconds_total,1719.28
1718651940,observe.paymentservice-1,container_cpu_system_seconds_total,3629.44
1718651940,observe.emailservice-1,container_cpu_system_seconds_total,1584.0
1718652000,observe.shippingservice-0,container_cpu_system_seconds_total,2029.16
1718652000,observe.recommendationservice-2,container_cpu_system_seconds_total,3464.95
1718652000,observe.checkoutservice-0,container_cpu_system_seconds_total,2472.91
1718652000,observe.cartservice-1,container_cpu_system_seconds_total,8354.88
1718652000,observe.currencyservice-2,container_cpu_system_seconds_total,10495.41
1718652000,observe.productcatalogservice-1,container_cpu_system_seconds_total,9724.09
1718652000,observe.productcatalogservice-2,container_cpu_system_seconds_total,9603.46
1718652000,observe.currencyservice-1,container_cpu_system_seconds_total,10526.52
1718652000,observe.cartservice-2,container_cpu_system_seconds_total,8178.64
1718652000,observe.productcatalogservice-0,container_cpu_system_seconds_total,9826.78
1718652000,observe.shippingservice-2,container_cpu_system_seconds_total,2194.38
1718652000,observe.checkoutservice-2,container_cpu_system_seconds_total,2421.78
1718652000,observe.recommendationservice-1,container_cpu_system_seconds_total,3493.79
1718652000,observe.frontend-1,container_cpu_system_seconds_total,20831.48
1718652000,observe.recommendationservice-0,container_cpu_system_seconds_total,3367.71
1718652000,observe.frontend-2,container_cpu_system_seconds_total,20468.06
1718652000,observe.cartservice-0,container_cpu_system_seconds_total,8330.76
1718652000,observe.currencyservice-0,container_cpu_system_seconds_total,10574.9
1718652000,observe.checkoutservice-1,container_cpu_system_seconds_total,2346.32
1718652000,observe.paymentservice-2,container_cpu_system_seconds_total,3526.22
1718652000,observe.shippingservice-1,container_cpu_system_seconds_total,2056.08
1718652000,observe.frontend-0,container_cpu_system_seconds_total,20851.1
1718652000,observe.emailservice-0,container_cpu_system_seconds_total,1719.33
1718652000,observe.paymentservice-0,container_cpu_system_seconds_total,3482.47
1718652000,observe.emailservice-2,container_cpu_system_seconds_total,1683.57
1718652000,observe.emailservice-1,container_cpu_system_seconds_total,1584.0
1718652000,observe.paymentservice-1,container_cpu_system_seconds_total,3629.44
