timestamp,cmdb_id,kpi_name,value
1718651400,observe.currencyservice-2,container_cpu_user_seconds_total,36840.46
1718651400,observe.frontend-0,container_cpu_user_seconds_total,53266.88
1718651400,observe.checkoutservice-2,container_cpu_user_seconds_total,4319.88
1718651400,observe.emailservice-0,container_cpu_user_seconds_total,2973.86
1718651400,observe.frontend-1,container_cpu_user_seconds_total,53513.44
1718651400,observe.paymentservice-2,container_cpu_user_seconds_total,5796.42
1718651400,observe.currencyservice-1,container_cpu_user_seconds_total,37051.46
1718651400,observe.frontend-2,container_cpu_user_seconds_total,52321.43
1718651400,observe.shippingservice-0,container_cpu_user_seconds_total,3969.66
1718651400,observe.cartservice-0,container_cpu_user_seconds_total,17264.14
1718651400,observe.shippingservice-2,container_cpu_user_seconds_total,4392.25
1718651400,observe.shippingservice-1,container_cpu_user_seconds_total,4137.37
1718651400,observe.productcatalogservice-1,container_cpu_user_seconds_total,27585.45
1718651400,observe.recommendationservice-2,container_cpu_user_seconds_total,14360.16
1718651400,observe.emailservice-1,container_cpu_user_seconds_total,2745.62
1718651400,observe.cartservice-1,container_cpu_user_seconds_total,17507.26
1718651400,observe.checkoutservice-1,container_cpu_user_seconds_total,4194.95
1718651400,observe.paymentservice-0,container_cpu_user_seconds_total,5874.08
1718651400,observe.emailservice-2,container_cpu_user_seconds_total,2942.47
1718651400,observe.productcatalogservice-0,container_cpu_user_seconds_total,27768.93
1718651400,observe.recommendationservice-1,container_cpu_user_seconds_total,14548.47
1718651400,observe.paymentservice-1,container_cpu_user_seconds_total,6146.77
1718651400,observe.recommendationservice-0,container_cpu_user_seconds_total,14264.4
1718651400,observe.productcatalogservice-2,container_cpu_user_seconds_total,27517.04
1718651400,observe.currencyservice-0,container_cpu_user_seconds_total,37220.0
1718651400,observe.cartservice-2,container_cpu_user_seconds_total,17092.13
1718651400,observe.checkoutservice-0,container_cpu_user_seconds_total,4361.31
1718651460,observe.paymentservice-0,container_cpu_user_seconds_total,5874.26
1718651460,observe.frontend-0,container_cpu_user_seconds_total,53269.6
1718651460,observe.emailservice-2,container_cpu_user_seconds_total,2942.67
1718651460,observe.checkoutservice-1,container_cpu_user_seconds_total,4195.04
1718651460,observe.productcatalogservice-2,container_cpu_user_seconds_total,27517.04
1718651460,observe.currencyservice-1,container_cpu_user_seconds_total,37052.29
1718651460,observe.paymentservice-2,container_cpu_user_seconds_total,5796.82
1718651460,observe.cartservice-1,container_cpu_user_seconds_total,17508.06
1718651460,observe.cartservice-0,container_cpu_user_seconds_total,17264.92
1718651460,observe.recommendationservice-0,container_cpu_user_seconds_total,14264.4
1718651460,observe.productcatalogservice-0,container_cpu_user_seconds_total,27768.93
1718651460,observe.emailservice-1,container_cpu_user_seconds_total,2745.73
1718651460,observe.currencyservice-0,container_cpu_user_seconds_total,37220.0
1718651460,observe.shippingservice-2,container_cpu_user_seconds_total,4392.49
1718651460,observe.checkoutservice-2,container_cpu_user_seconds_total,4319.88
1718651460,observe.recommendationservice-2,container_cpu_user_seconds_total,14360.62
1718651460,observe.productcatalogservice-1,container_cpu_user_seconds_total,27585.45
1718651460,observe.shippingservice-1,container_cpu_user_seconds_total,4137.48
1718651460,observe.frontend-2,container_cpu_user_seconds_total,52322.74
1718651460,observe.recommendationservice-1,container_cpu_user_seconds_total,14549.3
1718651460,observe.paymentservice-1,container_cpu_user_seconds_total,6147.17
1718651460,observe.cartservice-2,container_cpu_user_seconds_total,17092.5
1718651460,observe.frontend-1,container_cpu_user_seconds_total,53514.84
1718651460,observe.emailservice-0,container_cpu_user_seconds_total,2973.92
1718651460,observe.currencyservice-2,container_cpu_user_seconds_total,36840.46
1718651460,observe.checkoutservice-0,container_cpu_user_seconds_total,4361.31
1718651460,observe.shippingservice-0,container_cpu_user_seconds_total,3969.88
1718651520,observe.currencyservice-0,container_cpu_user_seconds_total,37221.04
1718651520,observe.recommendationservice-0,container_cpu_user_seconds_total,14264.98
1718651520,observe.paymentservice-1,container_cpu_user_seconds_total,6147.36
1718651520,observe.frontend-0,container_cpu_user_seconds_total,53269.6
1718651520,observe.productcatalogservice-2,container_cpu_user_seconds_total,27517.84
1718651520,observe.recommendationservice-1,container_cpu_user_seconds_total,14549.3
1718651520,observe.productcatalogservice-0,container_cpu_user_seconds_total,27769.66
1718651520,observe.checkoutservice-0,container_cpu_user_seconds_total,4361.66
1718651520,observe.cartservice-2,container_cpu_user_seconds_total,17092.5
1718651520,observe.currencyservice-2,container_cpu_user_seconds_total,36841.7
1718651520,observe.paymentservice-0,container_cpu_user_seconds_total,5874.46
1718651520,observe.cartservice-1,container_cpu_user_seconds_total,17508.06
1718651520,observe.shippingservice-0,container_cpu_user_seconds_total,3970.06
1718651520,observe.paymentservice-2,container_cpu_user_seconds_total,5796.82
1718651520,observe.recommendationservice-2,container_cpu_user_seconds_total,14360.62
1718651520,observe.emailservice-0,container_cpu_user_seconds_total,2973.92
1718651520,observe.checkoutservice-2,container_cpu_user_seconds_total,4320.05
1718651520,observe.checkoutservice-1,container_cpu_user_seconds_total,4195.04
1718651520,observe.cartservice-0,container_cpu_user_seconds_total,17265.28
1718651520,observe.productcatalogservice-1,container_cpu_user_seconds_total,27586.88
1718651520,observe.frontend-1,container_cpu_user_seconds_total,53516.33
1718651520,observe.emailservice-2,container_cpu_user_seconds_total,2942.77
1718651520,observe.currencyservice-1,container_cpu_user_seconds_total,37054.26
1718651520,observe.shippingservice-1,container_cpu_user_seconds_total,4137.68
1718651520,observe.shippingservice-2,container_cpu_user_seconds_total,4392.49
1718651520,observe.emailservice-1,container_cpu_user_seconds_total,2745.84
1718651520,observe.frontend-2,container_cpu_user_seconds_total,52323.81
1718651580,observe.frontend-2,container_cpu_user_seconds_total,52325.04
1718651580,observe.cartservice-2,container_cpu_user_seconds_total,17092.97
1718651580,observe.cartservice-0,container_cpu_user_seconds_total,17265.28
1718651580,observe.checkoutservice-1,container_cpu_user_seconds_total,4195.26
1718651580,observe.currencyservice-0,container_cpu_user_seconds_total,37222.07
1718651580,observe.emailservice-2,container_cpu_user_seconds_total,2942.77
1718651580,observe.paymentservice-0,container_cpu_user_seconds_total,5874.65
1718651580,observe.shippingservice-2,container_cpu_user_seconds_total,4392.64
1718651580,observe.recommendationservice-2,container_cpu_user_seconds_total,14361.32
1718651580,observe.shippingservice-0,container_cpu_user_seconds_total,3970.06
1718651580,observe.productcatalogservice-0,container_cpu_user_seconds_total,27770.92
1718651580,observe.checkoutservice-2,container_cpu_user_seconds_total,4320.19
1718651580,observe.emailservice-0,container_cpu_user_seconds_total,2974.03
1718651580,observe.paymentservice-2,container_cpu_user_seconds_total,5796.98
1718651580,observe.currencyservice-1,container_cpu_user_seconds_total,37054.26
1718651580,observe.frontend-1,container_cpu_user_seconds_total,53517.82
1718651580,observe.emailservice-1,container_cpu_user_seconds_total,2745.84
1718651580,observe.cartservice-1,container_cpu_user_seconds_total,17508.52
1718651580,observe.frontend-0,container_cpu_user_seconds_total,53271.16
1718651580,observe.productcatalogservice-1,container_cpu_user_seconds_total,27586.88
1718651580,observe.shippingservice-1,container_cpu_user_seconds_total,4137.83
1718651580,observe.paymentservice-1,container_cpu_user_seconds_total,6147.36
1718651580,observe.currencyservice-2,container_cpu_user_seconds_total,36843.46
1718651580,observe.recommendationservice-1,container_cpu_user_seconds_total,14550.05
1718651580,observe.recommendationservice-0,container_cpu_user_seconds_total,14265.33
1718651580,observe.productcatalogservice-2,container_cpu_user_seconds_total,27518.53
1718651580,observe.checkoutservice-0,container_cpu_user_seconds_total,4361.76
1718651640,observe.recommendationservice-1,container_cpu_user_seconds_total,14550.05
1718651640,observe.shippingservice-1,container_cpu_user_seconds_total,4137.96
1718651640,observe.frontend-1,container_cpu_user_seconds_total,53518.97
1718651640,observe.cartservice-2,container_cpu_user_seconds_total,17093.79
1718651640,observe.paymentservice-1,container_cpu_user_seconds_total,6147.58
1718651640,observe.currencyservice-2,container_cpu_user_seconds_total,36844.45
1718651640,observe.frontend-2,container_cpu_user_seconds_total,52325.04
1718651640,observe.recommendationservice-2,container_cpu_user_seconds_total,14361.73
1718651640,observe.productcatalogservice-1,container_cpu_user_seconds_total,27587.78
1718651640,observe.emailservice-0,container_cpu_user_seconds_total,2974.15
1718651640,observe.frontend-0,container_cpu_user_seconds_total,53273.52
1718651640,observe.shippingservice-0,container_cpu_user_seconds_total,3970.32
1718651640,observe.emailservice-2,container_cpu_user_seconds_total,2942.89
1718651640,observe.paymentservice-0,container_cpu_user_seconds_total,5874.97
1718651640,observe.currencyservice-0,container_cpu_user_seconds_total,37222.91
1718651640,observe.productcatalogservice-2,container_cpu_user_seconds_total,27519.26
1718651640,observe.recommendationservice-0,container_cpu_user_seconds_total,14265.65
1718651640,observe.productcatalogservice-0,container_cpu_user_seconds_total,27771.71
1718651640,observe.cartservice-1,container_cpu_user_seconds_total,17509.0
1718651640,observe.checkoutservice-2,container_cpu_user_seconds_total,4320.3
1718651640,observe.shippingservice-2,container_cpu_user_seconds_total,4392.82
1718651640,observe.emailservice-1,container_cpu_user_seconds_total,2745.94
1718651640,observe.checkoutservice-0,container_cpu_user_seconds_total,4361.92
1718651640,observe.cartservice-0,container_cpu_user_seconds_total,17265.72
1718651640,observe.currencyservice-1,container_cpu_user_seconds_total,37056.01
1718651640,observe.paymentservice-2,container_cpu_user_seconds_total,5797.18
1718651640,observe.checkoutservice-1,container_cpu_user_seconds_total,4195.26
1718651700,observe.currencyservice-0,container_cpu_user_seconds_total,37223.9
1718651700,observe.frontend-0,container_cpu_user_seconds_total,53276.77
1718651700,observe.paymentservice-1,container_cpu_user_seconds_total,6147.94
1718651700,observe.productcatalogservice-2,container_cpu_user_seconds_total,27519.97
1718651700,observe.checkoutservice-1,container_cpu_user_seconds_total,4195.4
1718651700,observe.emailservice-1,container_cpu_user_seconds_total,2746.04
1718651700,observe.productcatalogservice-0,container_cpu_user_seconds_total,27772.56
1718651700,observe.cartservice-2,container_cpu_user_seconds_total,17093.79
1718651700,observe.frontend-2,container_cpu_user_seconds_total,52326.78
1718651700,observe.productcatalogservice-1,container_cpu_user_seconds_total,27588.44
1718651700,observe.shippingservice-2,container_cpu_user_seconds_total,4393.01
1718651700,observe.frontend-1,container_cpu_user_seconds_total,53523.96
1718651700,observe.paymentservice-2,container_cpu_user_seconds_total,5797.36
1718651700,observe.checkoutservice-0,container_cpu_user_seconds_total,4362.05
1718651700,observe.currencyservice-1,container_cpu_user_seconds_total,37056.01
1718651700,observe.cartservice-1,container_cpu_user_seconds_total,17509.72
1718651700,observe.emailservice-0,container_cpu_user_seconds_total,2974.28
1718651700,observe.recommendationservice-0,container_cpu_user_seconds_total,14265.65
1718651700,observe.paymentservice-0,container_cpu_user_seconds_total,5875.15
1718651700,observe.currencyservice-2,container_cpu_user_seconds_total,36846.16
1718651700,observe.shippingservice-1,container_cpu_user_seconds_total,4138.04
1718651700,observe.recommendationservice-2,container_cpu_user_seconds_total,14361.73
1718651700,observe.checkoutservice-2,container_cpu_user_seconds_total,4320.44
1718651700,observe.shippingservice-0,container_cpu_user_seconds_total,3970.32
1718651700,observe.emailservice-2,container_cpu_user_seconds_total,2943.01
1718651700,observe.cartservice-0,container_cpu_user_seconds_total,17266.73
1718651700,observe.recommendationservice-1,container_cpu_user_seconds_total,14550.63
1718651760,observe.cartservice-0,container_cpu_user_seconds_total,17272.31
1718651760,observe.checkoutservice-1,container_cpu_user_seconds_total,4195.58
1718651760,observe.checkoutservice-0,container_cpu_user_seconds_total,4362.2
1718651760,observe.shippingservice-1,container_cpu_user_seconds_total,4138.04
1718651760,observe.currencyservice-0,container_cpu_user_seconds_total,37225.57
1718651760,observe.frontend-1,container_cpu_user_seconds_total,53525.5
1718651760,observe.productcatalogservice-0,container_cpu_user_seconds_total,27772.56
1718651760,observe.frontend-0,container_cpu_user_seconds_total,53278.47
1718651760,observe.emailservice-2,container_cpu_user_seconds_total,2943.01
1718651760,observe.paymentservice-0,container_cpu_user_seconds_total,5875.15
1718651760,observe.shippingservice-2,container_cpu_user_seconds_total,4393.12
1718651760,observe.paymentservice-2,container_cpu_user_seconds_total,5797.57
1718651760,observe.checkoutservice-2,container_cpu_user_seconds_total,4320.57
1718651760,observe.recommendationservice-0,container_cpu_user_seconds_total,14265.77
1718651760,observe.emailservice-1,container_cpu_user_seconds_total,2746.04
1718651760,observe.emailservice-0,container_cpu_user_seconds_total,2974.28
1718651760,observe.frontend-2,container_cpu_user_seconds_total,52330.4
1718651760,observe.recommendationservice-2,container_cpu_user_seconds_total,14362.26
1718651760,observe.productcatalogservice-2,container_cpu_user_seconds_total,27520.8
1718651760,observe.recommendationservice-1,container_cpu_user_seconds_total,14550.63
1718651760,observe.productcatalogservice-1,container_cpu_user_seconds_total,27589.27
1718651760,observe.cartservice-1,container_cpu_user_seconds_total,17514.27
1718651760,observe.paymentservice-1,container_cpu_user_seconds_total,6147.94
1718651760,observe.cartservice-2,container_cpu_user_seconds_total,17094.32
1718651760,observe.shippingservice-0,container_cpu_user_seconds_total,3970.39
1718651760,observe.currencyservice-1,container_cpu_user_seconds_total,37058.09
1718651760,observe.currencyservice-2,container_cpu_user_seconds_total,36846.16
1718651820,observe.emailservice-2,container_cpu_user_seconds_total,2943.1
1718651820,observe.cartservice-1,container_cpu_user_seconds_total,17514.27
1718651820,observe.recommendationservice-0,container_cpu_user_seconds_total,14266.18
1718651820,observe.checkoutservice-2,container_cpu_user_seconds_total,4320.57
1718651820,observe.currencyservice-0,container_cpu_user_seconds_total,37227.63
1718651820,observe.emailservice-1,container_cpu_user_seconds_total,2746.12
1718651820,observe.productcatalogservice-2,container_cpu_user_seconds_total,27521.51
1718651820,observe.currencyservice-1,container_cpu_user_seconds_total,37058.96
1718651820,observe.paymentservice-2,container_cpu_user_seconds_total,5797.91
1718651820,observe.frontend-0,container_cpu_user_seconds_total,53278.47
1718651820,observe.recommendationservice-1,container_cpu_user_seconds_total,14551.0
1718651820,observe.checkoutservice-0,container_cpu_user_seconds_total,4362.2
1718651820,observe.paymentservice-1,container_cpu_user_seconds_total,6148.29
1718651820,observe.currencyservice-2,container_cpu_user_seconds_total,36848.13
1718651820,observe.shippingservice-0,container_cpu_user_seconds_total,3970.56
1718651820,observe.cartservice-2,container_cpu_user_seconds_total,17099.54
1718651820,observe.productcatalogservice-1,container_cpu_user_seconds_total,27589.93
1718651820,observe.recommendationservice-2,container_cpu_user_seconds_total,14362.69
1718651820,observe.frontend-2,container_cpu_user_seconds_total,52331.75
1718651820,observe.productcatalogservice-0,container_cpu_user_seconds_total,27773.29
1718651820,observe.emailservice-0,container_cpu_user_seconds_total,2974.37
1718651820,observe.shippingservice-2,container_cpu_user_seconds_total,4393.12
1718651820,observe.cartservice-0,container_cpu_user_seconds_total,17273.1
1718651820,observe.checkoutservice-1,container_cpu_user_seconds_total,4195.58
1718651820,observe.shippingservice-1,container_cpu_user_seconds_total,4138.28
1718651820,observe.paymentservice-0,container_cpu_user_seconds_total,5875.52
1718651820,observe.frontend-1,container_cpu_user_seconds_total,53527.06
1718651880,observe.frontend-1,container_cpu_user_seconds_total,53528.42
1718651880,observe.paymentservice-1,container_cpu_user_seconds_total,6148.29
1718651880,observe.currencyservice-1,container_cpu_user_seconds_total,37060.96
1718651880,observe.frontend-0,container_cpu_user_seconds_total,53279.93
1718651880,observe.currencyservice-2,container_cpu_user_seconds_total,36849.23
1718651880,observe.productcatalogservice-1,container_cpu_user_seconds_total,27590.59
1718651880,observe.emailservice-0,container_cpu_user_seconds_total,2974.52
1718651880,observe.recommendationservice-1,container_cpu_user_seconds_total,14551.34
1718651880,observe.emailservice-1,container_cpu_user_seconds_total,2746.26
1718651880,observe.checkoutservice-2,container_cpu_user_seconds_total,4320.81
1718651880,observe.shippingservice-1,container_cpu_user_seconds_total,4138.28
1718651880,observe.paymentservice-2,container_cpu_user_seconds_total,5797.91
1718651880,observe.cartservice-1,container_cpu_user_seconds_total,17516.21
1718651880,observe.frontend-2,container_cpu_user_seconds_total,52333.27
1718651880,observe.productcatalogservice-0,container_cpu_user_seconds_total,27773.9
1718651880,observe.checkoutservice-1,container_cpu_user_seconds_total,4195.8
1718651880,observe.emailservice-2,container_cpu_user_seconds_total,2943.2
1718651880,observe.currencyservice-0,container_cpu_user_seconds_total,37227.63
1718651880,observe.cartservice-0,container_cpu_user_seconds_total,17273.1
1718651880,observe.paymentservice-0,container_cpu_user_seconds_total,5875.67
1718651880,observe.recommendationservice-2,container_cpu_user_seconds_total,14362.69
1718651880,observe.recommendationservice-0,container_cpu_user_seconds_total,14266.53
1718651880,observe.shippingservice-2,container_cpu_user_seconds_total,4393.39
1718651880,observe.cartservice-2,container_cpu_user_seconds_total,17100.35
1718651880,observe.checkoutservice-0,container_cpu_user_seconds_total,4362.45
1718651880,observe.shippingservice-0,container_cpu_user_seconds_total,3970.66
1718651880,observe.productcatalogservice-2,container_cpu_user_seconds_total,27522.27
1718651940,observe.paymentservice-0,container_cpu_user_seconds_total,5875.67
1718651940,observe.shippingservice-1,container_cpu_user_seconds_total,4138.55
1718651940,observe.checkoutservice-1,container_cpu_user_seconds_total,4195.8
1718651940,observe.checkoutservice-0,container_cpu_user_seconds_total,4362.58
1718651940,observe.shippingservice-0,container_cpu_user_seconds_total,3970.66
1718651940,observe.cartservice-2,container_cpu_user_seconds_total,17101.33
1718651940,observe.frontend-1,container_cpu_user_seconds_total,53528.42
1718651940,observe.recommendationservice-1,container_cpu_user_seconds_total,14552.2
1718651940,observe.frontend-2,container_cpu_user_seconds_total,52334.58
1718651940,observe.currencyservice-2,container_cpu_user_seconds_total,36850.24
1718651940,observe.productcatalogservice-1,container_cpu_user_seconds_total,27591.3
1718651940,observe.recommendationservice-2,container_cpu_user_seconds_total,14363.18
1718651940,observe.cartservice-0,container_cpu_user_seconds_total,17274.22
1718651940,observe.productcatalogservice-0,container_cpu_user_seconds_total,27775.15
1718651940,observe.frontend-0,container_cpu_user_seconds_total,53281.44
1718651940,observe.checkoutservice-2,container_cpu_user_seconds_total,4320.89
1718651940,observe.shippingservice-2,container_cpu_user_seconds_total,4393.39
1718651940,observe.recommendationservice-0,container_cpu_user_seconds_total,14267.17
1718651940,observe.productcatalogservice-2,container_cpu_user_seconds_total,27523.01
1718651940,observe.currencyservice-0,container_cpu_user_seconds_total,37229.67
1718651940,observe.paymentservice-2,container_cpu_user_seconds_total,5798.24
1718651940,observe.cartservice-1,container_cpu_user_seconds_total,17516.7
1718651940,observe.emailservice-2,container_cpu_user_seconds_total,2943.3
1718651940,observe.currencyservice-1,container_cpu_user_seconds_total,37060.96
1718651940,observe.emailservice-0,container_cpu_user_seconds_total,2974.52
1718651940,observe.paymentservice-1,container_cpu_user_seconds_total,6148.61
1718651940,observe.emailservice-1,container_cpu_user_seconds_total,2746.34
1718652000,observe.shippingservice-0,container_cpu_user_seconds_total,3970.77
1718652000,observe.recommendationservice-2,container_cpu_user_seconds_total,14363.64
1718652000,observe.checkoutservice-0,container_cpu_user_seconds_total,4362.7
1718652000,observe.cartservice-1,container_cpu_user_seconds_total,17516.7
1718652000,observe.currencyservice-2,container_cpu_user_seconds_total,36850.24
1718652000,observe.productcatalogservice-1,container_cpu_user_seconds_total,27592.12
1718652000,observe.productcatalogservice-2,container_cpu_user_seconds_total,27523.83
1718652000,observe.currencyservice-1,container_cpu_user_seconds_total,37063.0
1718652000,observe.cartservice-2,container_cpu_user_seconds_total,17101.33
1718652000,observe.productcatalogservice-0,container_cpu_user_seconds_total,27775.15
1718652000,observe.shippingservice-2,container_cpu_user_seconds_total,4393.53
1718652000,observe.checkoutservice-2,container_cpu_user_seconds_total,4320.89
1718652000,observe.recommendationservice-1,container_cpu_user_seconds_total,14552.2
1718652000,observe.frontend-1,container_cpu_user_seconds_total,53529.96
1718652000,observe.recommendationservice-0,container_cpu_user_seconds_total,14267.17
1718652000,observe.frontend-2,container_cpu_user_seconds_total,52337.25
1718652000,observe.cartservice-0,container_cpu_user_seconds_total,17274.78
1718652000,observe.currencyservice-0,container_cpu_user_seconds_total,37230.44
1718652000,observe.checkoutservice-1,container_cpu_user_seconds_total,4196.08
1718652000,observe.paymentservice-2,container_cpu_user_seconds_total,5798.47
1718652000,observe.shippingservice-1,container_cpu_user_seconds_total,4138.55
1718652000,observe.frontend-0,container_cpu_user_seconds_total,53282.72
1718652000,observe.emailservice-0,container_cpu_user_seconds_total,2974.61
1718652000,observe.paymentservice-0,container_cpu_user_seconds_total,5875.88
1718652000,observe.emailservice-2,container_cpu_user_seconds_total,2943.39
1718652000,observe.emailservice-1,container_cpu_user_seconds_total,2746.34
1718652000,observe.paymentservice-1,container_cpu_user_seconds_total,6148.61
