timestamp,cmdb_id,kpi_name,value
1718651400,observe.currencyservice-2,container_memory_mapped_file,3825664.0
1718651400,observe.frontend-0,container_memory_mapped_file,7372800.0
1718651400,observe.checkoutservice-2,container_memory_mapped_file,7536640.0
1718651400,observe.emailservice-0,container_memory_mapped_file,4878336.0
1718651400,observe.frontend-1,container_memory_mapped_file,5513216.0
1718651400,observe.paymentservice-2,container_memory_mapped_file,1220608.0
1718651400,observe.currencyservice-1,container_memory_mapped_file,11010048.0
1718651400,observe.frontend-2,container_memory_mapped_file,5758976.0
1718651400,observe.shippingservice-0,container_memory_mapped_file,6623232.0
1718651400,observe.cartservice-0,container_memory_mapped_file,37675008.0
1718651400,observe.shippingservice-2,container_memory_mapped_file,3084288.0
1718651400,observe.shippingservice-1,container_memory_mapped_file,3424256.0
1718651400,observe.productcatalogservice-1,container_memory_mapped_file,2404352.0
1718651400,observe.recommendationservice-2,container_memory_mapped_file,3416064.0
1718651400,observe.emailservice-1,container_memory_mapped_file,1142784.0
1718651400,observe.cartservice-1,container_memory_mapped_file,26415104.0
1718651400,observe.checkoutservice-1,container_memory_mapped_file,4468736.0
1718651400,observe.paymentservice-0,container_memory_mapped_file,2564096.0
1718651400,observe.emailservice-2,container_memory_mapped_file,1499136.0
1718651400,observe.productcatalogservice-0,container_memory_mapped_file,9748480.0
1718651400,observe.recommendationservice-1,container_memory_mapped_file,10518528.0
1718651400,observe.paymentservice-1,container_memory_mapped_file,1568768.0
1718651400,observe.recommendationservice-0,container_memory_mapped_file,7643136.0
1718651400,observe.productcatalogservice-2,container_memory_mapped_file,4284416.0
1718651400,observe.currencyservice-0,container_memory_mapped_file,3530752.0
1718651400,observe.cartservice-2,container_memory_mapped_file,29577216.0
1718651400,observe.checkoutservice-0,container_memory_mapped_file,9146368.0
1718651460,observe.paymentservice-0,container_memory_mapped_file,2564096.0
1718651460,observe.frontend-0,container_memory_mapped_file,7372800.0
1718651460,observe.emailservice-2,container_memory_mapped_file,1499136.0
1718651460,observe.checkoutservice-1,container_memory_mapped_file,4468736.0
1718651460,observe.productcatalogservice-2,container_memory_mapped_file,4284416.0
1718651460,observe.currencyservice-1,container_memory_mapped_file,11010048.0
1718651460,observe.paymentservice-2,container_memory_mapped_file,1220608.0
1718651460,observe.cartservice-1,container_memory_mapped_file,26435584.0
1718651460,observe.cartservice-0,container_memory_mapped_file,37740544.0
1718651460,observe.recommendationservice-0,container_memory_mapped_file,7643136.0
1718651460,observe.productcatalogservice-0,container_memory_mapped_file,9748480.0
1718651460,observe.emailservice-1,container_memory_mapped_file,1142784.0
1718651460,observe.currencyservice-0,container_memory_mapped_file,3530752.0
1718651460,observe.shippingservice-2,container_memory_mapped_file,3084288.0
1718651460,observe.checkoutservice-2,container_memory_mapped_file,7536640.0
1718651460,observe.recommendationservice-2,container_memory_mapped_file,3416064.0
1718651460,observe.productcatalogservice-1,container_memory_mapped_file,2404352.0
1718651460,observe.shippingservice-1,container_memory_mapped_file,3424256.0
1718651460,observe.frontend-2,container_memory_mapped_file,5758976.0
1718651460,observe.recommendationservice-1,container_memory_mapped_file,10518528.0
1718651460,observe.paymentservice-1,container_memory_mapped_file,1568768.0
1718651460,observe.cartservice-2,container_memory_mapped_file,29589504.0
1718651460,observe.frontend-1,container_memory_mapped_file,5513216.0
1718651460,observe.emailservice-0,container_memory_mapped_file,4878336.0
1718651460,observe.currencyservice-2,container_memory_mapped_file,3825664.0
1718651460,observe.checkoutservice-0,container_memory_mapped_file,9146368.0
1718651460,observe.shippingservice-0,container_memory_mapped_file,6623232.0
1718651520,observe.currencyservice-0,container_memory_mapped_file,3530752.0
1718651520,observe.recommendationservice-0,container_memory_mapped_file,7643136.0
1718651520,observe.paymentservice-1,container_memory_mapped_file,1568768.0
1718651520,observe.frontend-0,container_memory_mapped_file,7372800.0
1718651520,observe.productcatalogservice-2,container_memory_mapped_file,4284416.0
1718651520,observe.recommendationservice-1,container_memory_mapped_file,10518528.0
1718651520,observe.productcatalogservice-0,container_memory_mapped_file,9748480.0
1718651520,observe.checkoutservice-0,container_memory_mapped_file,9146368.0
1718651520,observe.cartservice-2,container_memory_mapped_file,29589504.0
1718651520,observe.currencyservice-2,container_memory_mapped_file,3825664.0
1718651520,observe.paymentservice-0,container_memory_mapped_file,2564096.0
1718651520,observe.cartservice-1,container_memory_mapped_file,26435584.0
1718651520,observe.shippingservice-0,container_memory_mapped_file,6623232.0
1718651520,observe.paymentservice-2,container_memory_mapped_file,1220608.0
1718651520,observe.recommendationservice-2,container_memory_mapped_file,3416064.0
1718651520,observe.emailservice-0,container_memory_mapped_file,4878336.0
1718651520,observe.checkoutservice-2,container_memory_mapped_file,7536640.0
1718651520,observe.checkoutservice-1,container_memory_mapped_file,4468736.0
1718651520,observe.cartservice-0,container_memory_mapped_file,37740544.0
1718651520,observe.productcatalogservice-1,container_memory_mapped_file,2404352.0
1718651520,observe.frontend-1,container_memory_mapped_file,5513216.0
1718651520,observe.emailservice-2,container_memory_mapped_file,1499136.0
1718651520,observe.currencyservice-1,container_memory_mapped_file,11010048.0
1718651520,observe.shippingservice-1,container_memory_mapped_file,3424256.0
1718651520,observe.shippingservice-2,container_memory_mapped_file,3084288.0
1718651520,observe.emailservice-1,container_memory_mapped_file,1142784.0
1718651520,observe.frontend-2,container_memory_mapped_file,5758976.0
1718651580,observe.frontend-2,container_memory_mapped_file,5758976.0
1718651580,observe.cartservice-2,container_memory_mapped_file,29646848.0
1718651580,observe.cartservice-0,container_memory_mapped_file,37740544.0
1718651580,observe.checkoutservice-1,container_memory_mapped_file,4468736.0
1718651580,observe.currencyservice-0,container_memory_mapped_file,3530752.0
1718651580,observe.emailservice-2,container_memory_mapped_file,1499136.0
1718651580,observe.paymentservice-0,container_memory_mapped_file,2564096.0
1718651580,observe.shippingservice-2,container_memory_mapped_file,3084288.0
1718651580,observe.recommendationservice-2,container_memory_mapped_file,3416064.0
1718651580,observe.shippingservice-0,container_memory_mapped_file,6623232.0
1718651580,observe.productcatalogservice-0,container_memory_mapped_file,9748480.0
1718651580,observe.checkoutservice-2,container_memory_mapped_file,7536640.0
1718651580,observe.emailservice-0,container_memory_mapped_file,4878336.0
1718651580,observe.paymentservice-2,container_memory_mapped_file,1220608.0
1718651580,observe.currencyservice-1,container_memory_mapped_file,11010048.0
1718651580,observe.frontend-1,container_memory_mapped_file,5513216.0
1718651580,observe.emailservice-1,container_memory_mapped_file,1142784.0
1718651580,observe.cartservice-1,container_memory_mapped_file,26439680.0
1718651580,observe.frontend-0,container_memory_mapped_file,7372800.0
1718651580,observe.productcatalogservice-1,container_memory_mapped_file,2404352.0
1718651580,observe.shippingservice-1,container_memory_mapped_file,3424256.0
1718651580,observe.paymentservice-1,container_memory_mapped_file,1568768.0
1718651580,observe.currencyservice-2,container_memory_mapped_file,3825664.0
1718651580,observe.recommendationservice-1,container_memory_mapped_file,10518528.0
1718651580,observe.recommendationservice-0,container_memory_mapped_file,7643136.0
1718651580,observe.productcatalogservice-2,container_memory_mapped_file,4284416.0
1718651580,observe.checkoutservice-0,container_memory_mapped_file,9146368.0
1718651640,observe.recommendationservice-1,container_memory_mapped_file,10518528.0
1718651640,observe.shippingservice-1,container_memory_mapped_file,3424256.0
1718651640,observe.frontend-1,container_memory_mapped_file,5513216.0
1718651640,observe.cartservice-2,container_memory_mapped_file,29646848.0
1718651640,observe.paymentservice-1,container_memory_mapped_file,1568768.0
1718651640,observe.currencyservice-2,container_memory_mapped_file,3825664.0
1718651640,observe.frontend-2,container_memory_mapped_file,5758976.0
1718651640,observe.recommendationservice-2,container_memory_mapped_file,3416064.0
1718651640,observe.productcatalogservice-1,container_memory_mapped_file,2404352.0
1718651640,observe.emailservice-0,container_memory_mapped_file,4878336.0
1718651640,observe.frontend-0,container_memory_mapped_file,7372800.0
1718651640,observe.shippingservice-0,container_memory_mapped_file,6623232.0
1718651640,observe.emailservice-2,container_memory_mapped_file,1499136.0
1718651640,observe.paymentservice-0,container_memory_mapped_file,2564096.0
1718651640,observe.currencyservice-0,container_memory_mapped_file,3530752.0
1718651640,observe.productcatalogservice-2,container_memory_mapped_file,4284416.0
1718651640,observe.recommendationservice-0,container_memory_mapped_file,7643136.0
1718651640,observe.productcatalogservice-0,container_memory_mapped_file,9748480.0
1718651640,observe.cartservice-1,container_memory_mapped_file,26439680.0
1718651640,observe.checkoutservice-2,container_memory_mapped_file,7536640.0
1718651640,observe.shippingservice-2,container_memory_mapped_file,3084288.0
1718651640,observe.emailservice-1,container_memory_mapped_file,1142784.0
1718651640,observe.checkoutservice-0,container_memory_mapped_file,9146368.0
1718651640,observe.cartservice-0,container_memory_mapped_file,37740544.0
1718651640,observe.currencyservice-1,container_memory_mapped_file,11010048.0
1718651640,observe.paymentservice-2,container_memory_mapped_file,1220608.0
1718651640,observe.checkoutservice-1,container_memory_mapped_file,4468736.0
1718651700,observe.currencyservice-0,container_memory_mapped_file,3547136.0
1718651700,observe.frontend-0,container_memory_mapped_file,7323648.0
1718651700,observe.paymentservice-1,container_memory_mapped_file,1347584.0
1718651700,observe.productcatalogservice-2,container_memory_mapped_file,4284416.0
1718651700,observe.checkoutservice-1,container_memory_mapped_file,4464640.0
1718651700,observe.emailservice-1,container_memory_mapped_file,1134592.0
1718651700,observe.productcatalogservice-0,container_memory_mapped_file,9060352.0
1718651700,observe.cartservice-2,container_memory_mapped_file,29646848.0
1718651700,observe.frontend-2,container_memory_mapped_file,5758976.0
1718651700,observe.productcatalogservice-1,container_memory_mapped_file,2404352.0
1718651700,observe.shippingservice-2,container_memory_mapped_file,2965504.0
1718651700,observe.frontend-1,container_memory_mapped_file,5435392.0
1718651700,observe.paymentservice-2,container_memory_mapped_file,1220608.0
1718651700,observe.checkoutservice-0,container_memory_mapped_file,8970240.0
1718651700,observe.currencyservice-1,container_memory_mapped_file,11010048.0
1718651700,observe.cartservice-1,container_memory_mapped_file,0.0
1718651700,observe.emailservice-0,container_memory_mapped_file,4857856.0
1718651700,observe.recommendationservice-0,container_memory_mapped_file,7643136.0
1718651700,observe.paymentservice-0,container_memory_mapped_file,2449408.0
1718651700,observe.currencyservice-2,container_memory_mapped_file,3764224.0
1718651700,observe.shippingservice-1,container_memory_mapped_file,3375104.0
1718651700,observe.recommendationservice-2,container_memory_mapped_file,3416064.0
1718651700,observe.checkoutservice-2,container_memory_mapped_file,7225344.0
1718651700,observe.shippingservice-0,container_memory_mapped_file,6623232.0
1718651700,observe.emailservice-2,container_memory_mapped_file,1433600.0
1718651700,observe.cartservice-0,container_memory_mapped_file,0.0
1718651700,observe.recommendationservice-1,container_memory_mapped_file,10244096.0
1718651760,observe.cartservice-0,container_memory_mapped_file,72388608.0
1718651760,observe.checkoutservice-1,container_memory_mapped_file,4464640.0
1718651760,observe.checkoutservice-0,container_memory_mapped_file,9146368.0
1718651760,observe.shippingservice-1,container_memory_mapped_file,3375104.0
1718651760,observe.currencyservice-0,container_memory_mapped_file,3530752.0
1718651760,observe.frontend-1,container_memory_mapped_file,5505024.0
1718651760,observe.productcatalogservice-0,container_memory_mapped_file,9060352.0
1718651760,observe.frontend-0,container_memory_mapped_file,7380992.0
1718651760,observe.emailservice-2,container_memory_mapped_file,1433600.0
1718651760,observe.paymentservice-0,container_memory_mapped_file,2449408.0
1718651760,observe.shippingservice-2,container_memory_mapped_file,3108864.0
1718651760,observe.paymentservice-2,container_memory_mapped_file,1220608.0
1718651760,observe.checkoutservice-2,container_memory_mapped_file,7536640.0
1718651760,observe.recommendationservice-0,container_memory_mapped_file,7569408.0
1718651760,observe.emailservice-1,container_memory_mapped_file,1134592.0
1718651760,observe.emailservice-0,container_memory_mapped_file,4857856.0
1718651760,observe.frontend-2,container_memory_mapped_file,5754880.0
1718651760,observe.recommendationservice-2,container_memory_mapped_file,3461120.0
1718651760,observe.productcatalogservice-2,container_memory_mapped_file,4284416.0
1718651760,observe.recommendationservice-1,container_memory_mapped_file,10244096.0
1718651760,observe.productcatalogservice-1,container_memory_mapped_file,2441216.0
1718651760,observe.cartservice-1,container_memory_mapped_file,31121408.0
1718651760,observe.paymentservice-1,container_memory_mapped_file,1347584.0
1718651760,observe.cartservice-2,container_memory_mapped_file,9367552.0
1718651760,observe.shippingservice-0,container_memory_mapped_file,6672384.0
1718651760,observe.currencyservice-1,container_memory_mapped_file,11034624.0
1718651760,observe.currencyservice-2,container_memory_mapped_file,3764224.0
1718651820,observe.emailservice-2,container_memory_mapped_file,1499136.0
1718651820,observe.cartservice-1,container_memory_mapped_file,31121408.0
1718651820,observe.recommendationservice-0,container_memory_mapped_file,7614464.0
1718651820,observe.checkoutservice-2,container_memory_mapped_file,7536640.0
1718651820,observe.currencyservice-0,container_memory_mapped_file,3530752.0
1718651820,observe.emailservice-1,container_memory_mapped_file,1142784.0
1718651820,observe.productcatalogservice-2,container_memory_mapped_file,4284416.0
1718651820,observe.currencyservice-1,container_memory_mapped_file,11034624.0
1718651820,observe.paymentservice-2,container_memory_mapped_file,1220608.0
1718651820,observe.frontend-0,container_memory_mapped_file,7380992.0
1718651820,observe.recommendationservice-1,container_memory_mapped_file,10493952.0
1718651820,observe.checkoutservice-0,container_memory_mapped_file,9146368.0
1718651820,observe.paymentservice-1,container_memory_mapped_file,1552384.0
1718651820,observe.currencyservice-2,container_memory_mapped_file,3825664.0
1718651820,observe.shippingservice-0,container_memory_mapped_file,6672384.0
1718651820,observe.cartservice-2,container_memory_mapped_file,32296960.0
1718651820,observe.productcatalogservice-1,container_memory_mapped_file,2441216.0
1718651820,observe.recommendationservice-2,container_memory_mapped_file,3461120.0
1718651820,observe.frontend-2,container_memory_mapped_file,5758976.0
1718651820,observe.productcatalogservice-0,container_memory_mapped_file,9773056.0
1718651820,observe.emailservice-0,container_memory_mapped_file,4878336.0
1718651820,observe.shippingservice-2,container_memory_mapped_file,3108864.0
1718651820,observe.cartservice-0,container_memory_mapped_file,72708096.0
1718651820,observe.checkoutservice-1,container_memory_mapped_file,4464640.0
1718651820,observe.shippingservice-1,container_memory_mapped_file,3424256.0
1718651820,observe.paymentservice-0,container_memory_mapped_file,2564096.0
1718651820,observe.frontend-1,container_memory_mapped_file,5505024.0
1718651880,observe.frontend-1,container_memory_mapped_file,5505024.0
1718651880,observe.paymentservice-1,container_memory_mapped_file,1552384.0
1718651880,observe.currencyservice-1,container_memory_mapped_file,11034624.0
1718651880,observe.frontend-0,container_memory_mapped_file,7380992.0
1718651880,observe.currencyservice-2,container_memory_mapped_file,3825664.0
1718651880,observe.productcatalogservice-1,container_memory_mapped_file,2441216.0
1718651880,observe.emailservice-0,container_memory_mapped_file,4878336.0
1718651880,observe.recommendationservice-1,container_memory_mapped_file,10493952.0
1718651880,observe.emailservice-1,container_memory_mapped_file,1142784.0
1718651880,observe.checkoutservice-2,container_memory_mapped_file,7536640.0
1718651880,observe.shippingservice-1,container_memory_mapped_file,3424256.0
1718651880,observe.paymentservice-2,container_memory_mapped_file,1220608.0
1718651880,observe.cartservice-1,container_memory_mapped_file,32153600.0
1718651880,observe.frontend-2,container_memory_mapped_file,5758976.0
1718651880,observe.productcatalogservice-0,container_memory_mapped_file,9773056.0
1718651880,observe.checkoutservice-1,container_memory_mapped_file,4464640.0
1718651880,observe.emailservice-2,container_memory_mapped_file,1499136.0
1718651880,observe.currencyservice-0,container_memory_mapped_file,3530752.0
1718651880,observe.cartservice-0,container_memory_mapped_file,72708096.0
1718651880,observe.paymentservice-0,container_memory_mapped_file,2564096.0
1718651880,observe.recommendationservice-2,container_memory_mapped_file,3461120.0
1718651880,observe.recommendationservice-0,container_memory_mapped_file,7614464.0
1718651880,observe.shippingservice-2,container_memory_mapped_file,3108864.0
1718651880,observe.cartservice-2,container_memory_mapped_file,32665600.0
1718651880,observe.checkoutservice-0,container_memory_mapped_file,9146368.0
1718651880,observe.shippingservice-0,container_memory_mapped_file,6672384.0
1718651880,observe.productcatalogservice-2,container_memory_mapped_file,4284416.0
1718651940,observe.paymentservice-0,container_memory_mapped_file,2564096.0
1718651940,observe.shippingservice-1,container_memory_mapped_file,3424256.0
1718651940,observe.checkoutservice-1,container_memory_mapped_file,4464640.0
1718651940,observe.checkoutservice-0,container_memory_mapped_file,9146368.0
1718651940,observe.shippingservice-0,container_memory_mapped_file,6672384.0
1718651940,observe.cartservice-2,container_memory_mapped_file,31268864.0
1718651940,observe.frontend-1,container_memory_mapped_file,5505024.0
1718651940,observe.recommendationservice-1,container_memory_mapped_file,10493952.0
1718651940,observe.frontend-2,container_memory_mapped_file,5758976.0
1718651940,observe.currencyservice-2,container_memory_mapped_file,3825664.0
1718651940,observe.productcatalogservice-1,container_memory_mapped_file,2441216.0
1718651940,observe.recommendationservice-2,container_memory_mapped_file,3461120.0
1718651940,observe.cartservice-0,container_memory_mapped_file,69636096.0
1718651940,observe.productcatalogservice-0,container_memory_mapped_file,9773056.0
1718651940,observe.frontend-0,container_memory_mapped_file,7380992.0
1718651940,observe.checkoutservice-2,container_memory_mapped_file,7536640.0
1718651940,observe.shippingservice-2,container_memory_mapped_file,3108864.0
1718651940,observe.recommendationservice-0,container_memory_mapped_file,7614464.0
1718651940,observe.productcatalogservice-2,container_memory_mapped_file,4284416.0
1718651940,observe.currencyservice-0,container_memory_mapped_file,3530752.0
1718651940,observe.paymentservice-2,container_memory_mapped_file,1220608.0
1718651940,observe.cartservice-1,container_memory_mapped_file,31416320.0
1718651940,observe.emailservice-2,container_memory_mapped_file,1499136.0
1718651940,observe.currencyservice-1,container_memory_mapped_file,11034624.0
1718651940,observe.emailservice-0,container_memory_mapped_file,4878336.0
1718651940,observe.paymentservice-1,container_memory_mapped_file,1552384.0
1718651940,observe.emailservice-1,container_memory_mapped_file,1142784.0
1718652000,observe.shippingservice-0,container_memory_mapped_file,6672384.0
1718652000,observe.recommendationservice-2,container_memory_mapped_file,3461120.0
1718652000,observe.checkoutservice-0,container_memory_mapped_file,9146368.0
1718652000,observe.cartservice-1,container_memory_mapped_file,31416320.0
1718652000,observe.currencyservice-2,container_memory_mapped_file,3825664.0
1718652000,observe.productcatalogservice-1,container_memory_mapped_file,2441216.0
1718652000,observe.productcatalogservice-2,container_memory_mapped_file,4284416.0
1718652000,observe.currencyservice-1,container_memory_mapped_file,11034624.0
1718652000,observe.cartservice-2,container_memory_mapped_file,31268864.0
1718652000,observe.productcatalogservice-0,container_memory_mapped_file,9773056.0
1718652000,observe.shippingservice-2,container_memory_mapped_file,3108864.0
1718652000,observe.checkoutservice-2,container_memory_mapped_file,7536640.0
1718652000,observe.recommendationservice-1,container_memory_mapped_file,10493952.0
1718652000,observe.frontend-1,container_memory_mapped_file,5505024.0
1718652000,observe.recommendationservice-0,container_memory_mapped_file,7614464.0
1718652000,observe.frontend-2,container_memory_mapped_file,5758976.0
1718652000,observe.cartservice-0,container_memory_mapped_file,69115904.0
1718652000,observe.currencyservice-0,container_memory_mapped_file,3530752.0
1718652000,observe.checkoutservice-1,container_memory_mapped_file,4464640.0
1718652000,observe.paymentservice-2,container_memory_mapped_file,1220608.0
1718652000,observe.shippingservice-1,container_memory_mapped_file,3424256.0
1718652000,observe.frontend-0,container_memory_mapped_file,7380992.0
1718652000,observe.emailservice-0,container_memory_mapped_file,4878336.0
1718652000,observe.paymentservice-0,container_memory_mapped_file,2564096.0
1718652000,observe.emailservice-2,container_memory_mapped_file,1499136.0
1718652000,observe.emailservice-1,container_memory_mapped_file,1142784.0
1718652000,observe.paymentservice-1,container_memory_mapped_file,1552384.0
