timestamp,cmdb_id,kpi_name,value
1718651400,observe.currencyservice-2,container_cpu_usage_seconds_total,50802.479
1718651400,observe.frontend-0,container_cpu_usage_seconds_total,80688.146
1718651400,observe.checkoutservice-2,container_cpu_usage_seconds_total,9262.452
1718651400,observe.emailservice-0,container_cpu_usage_seconds_total,7116.972
1718651400,observe.frontend-1,container_cpu_usage_seconds_total,80311.199
1718651400,observe.paymentservice-2,container_cpu_usage_seconds_total,12513.36
1718651400,observe.currencyservice-1,container_cpu_usage_seconds_total,50858.696
1718651400,observe.frontend-2,container_cpu_usage_seconds_total,79402.678
1718651400,observe.shippingservice-0,container_cpu_usage_seconds_total,8554.904
1718651400,observe.cartservice-0,container_cpu_usage_seconds_total,29602.491
1718651400,observe.shippingservice-2,container_cpu_usage_seconds_total,8660.008
1718651400,observe.shippingservice-1,container_cpu_usage_seconds_total,8641.54
1718651400,observe.productcatalogservice-1,container_cpu_usage_seconds_total,41183.286
1718651400,observe.recommendationservice-2,container_cpu_usage_seconds_total,20646.343
1718651400,observe.emailservice-1,container_cpu_usage_seconds_total,7193.83
1718651400,observe.cartservice-1,container_cpu_usage_seconds_total,29590.371
1718651400,observe.checkoutservice-1,container_cpu_usage_seconds_total,9272.384
1718651400,observe.paymentservice-0,container_cpu_usage_seconds_total,12693.932
1718651400,observe.emailservice-2,container_cpu_usage_seconds_total,7221.168
1718651400,observe.productcatalogservice-0,container_cpu_usage_seconds_total,40873.027
1718651400,observe.recommendationservice-1,container_cpu_usage_seconds_total,20930.438
1718651400,observe.paymentservice-1,container_cpu_usage_seconds_total,12748.056
1718651400,observe.recommendationservice-0,container_cpu_usage_seconds_total,20658.969
1718651400,observe.productcatalogservice-2,container_cpu_usage_seconds_total,40938.444
1718651400,observe.currencyservice-0,container_cpu_usage_seconds_total,50709.873
1718651400,observe.cartservice-2,container_cpu_usage_seconds_total,29670.7
1718651400,observe.checkoutservice-0,container_cpu_usage_seconds_total,9280.198
1718651460,observe.paymentservice-0,container_cpu_usage_seconds_total,12694.266
1718651460,observe.frontend-0,container_cpu_usage_seconds_total,80692.102
1718651460,observe.emailservice-2,container_cpu_usage_seconds_total,7221.471
1718651460,observe.checkoutservice-1,container_cpu_usage_seconds_total,9272.566
1718651460,observe.productcatalogservice-2,container_cpu_usage_seconds_total,40938.444
1718651460,observe.currencyservice-1,container_cpu_usage_seconds_total,50859.935
1718651460,observe.paymentservice-2,container_cpu_usage_seconds_total,12513.994
1718651460,observe.cartservice-1,container_cpu_usage_seconds_total,29591.73
1718651460,observe.cartservice-0,container_cpu_usage_seconds_total,29603.76
1718651460,observe.recommendationservice-0,container_cpu_usage_seconds_total,20658.969
1718651460,observe.productcatalogservice-0,container_cpu_usage_seconds_total,40873.027
1718651460,observe.emailservice-1,container_cpu_usage_seconds_total,7194.006
1718651460,observe.currencyservice-0,container_cpu_usage_seconds_total,50709.873
1718651460,observe.shippingservice-2,container_cpu_usage_seconds_total,8660.414
1718651460,observe.checkoutservice-2,container_cpu_usage_seconds_total,9262.452
1718651460,observe.recommendationservice-2,container_cpu_usage_seconds_total,20646.931
1718651460,observe.productcatalogservice-1,container_cpu_usage_seconds_total,41183.286
1718651460,observe.shippingservice-1,container_cpu_usage_seconds_total,8641.756
1718651460,observe.frontend-2,container_cpu_usage_seconds_total,79404.514
1718651460,observe.recommendationservice-1,container_cpu_usage_seconds_total,20931.442
1718651460,observe.paymentservice-1,container_cpu_usage_seconds_total,12748.691
1718651460,observe.cartservice-2,container_cpu_usage_seconds_total,29671.46
1718651460,observe.frontend-1,container_cpu_usage_seconds_total,80313.127
1718651460,observe.emailservice-0,container_cpu_usage_seconds_total,7117.126
1718651460,observe.currencyservice-2,container_cpu_usage_seconds_total,50802.479
1718651460,observe.checkoutservice-0,container_cpu_usage_seconds_total,9280.198
1718651460,observe.shippingservice-0,container_cpu_usage_seconds_total,8555.31
1718651520,observe.currencyservice-0,container_cpu_usage_seconds_total,50711.299
1718651520,observe.recommendationservice-0,container_cpu_usage_seconds_total,20659.867
1718651520,observe.paymentservice-1,container_cpu_usage_seconds_total,12749.002
1718651520,observe.frontend-0,container_cpu_usage_seconds_total,80692.102
1718651520,observe.productcatalogservice-2,container_cpu_usage_seconds_total,40939.565
1718651520,observe.recommendationservice-1,container_cpu_usage_seconds_total,20931.442
1718651520,observe.productcatalogservice-0,container_cpu_usage_seconds_total,40874.246
1718651520,observe.checkoutservice-0,container_cpu_usage_seconds_total,9280.779
1718651520,observe.cartservice-2,container_cpu_usage_seconds_total,29671.46
1718651520,observe.currencyservice-2,container_cpu_usage_seconds_total,50804.12
1718651520,observe.paymentservice-0,container_cpu_usage_seconds_total,12694.635
1718651520,observe.cartservice-1,container_cpu_usage_seconds_total,29591.73
1718651520,observe.shippingservice-0,container_cpu_usage_seconds_total,8555.593
1718651520,observe.paymentservice-2,container_cpu_usage_seconds_total,12513.994
1718651520,observe.recommendationservice-2,container_cpu_usage_seconds_total,20646.931
1718651520,observe.emailservice-0,container_cpu_usage_seconds_total,7117.126
1718651520,observe.checkoutservice-2,container_cpu_usage_seconds_total,9262.8
1718651520,observe.checkoutservice-1,container_cpu_usage_seconds_total,9272.566
1718651520,observe.cartservice-0,container_cpu_usage_seconds_total,29604.345
1718651520,observe.productcatalogservice-1,container_cpu_usage_seconds_total,41185.191
1718651520,observe.frontend-1,container_cpu_usage_seconds_total,80315.175
1718651520,observe.emailservice-2,container_cpu_usage_seconds_total,7221.625
1718651520,observe.currencyservice-1,container_cpu_usage_seconds_total,50862.552
1718651520,observe.shippingservice-1,container_cpu_usage_seconds_total,8642.018
1718651520,observe.shippingservice-2,container_cpu_usage_seconds_total,8660.414
1718651520,observe.emailservice-1,container_cpu_usage_seconds_total,7194.206
1718651520,observe.frontend-2,container_cpu_usage_seconds_total,79406.188
1718651580,observe.frontend-2,container_cpu_usage_seconds_total,79407.998
1718651580,observe.cartservice-2,container_cpu_usage_seconds_total,29672.179
1718651580,observe.cartservice-0,container_cpu_usage_seconds_total,29604.345
1718651580,observe.checkoutservice-1,container_cpu_usage_seconds_total,9272.943
1718651580,observe.currencyservice-0,container_cpu_usage_seconds_total,50712.587
1718651580,observe.emailservice-2,container_cpu_usage_seconds_total,7221.625
1718651580,observe.paymentservice-0,container_cpu_usage_seconds_total,12694.96
1718651580,observe.shippingservice-2,container_cpu_usage_seconds_total,8660.644
1718651580,observe.recommendationservice-2,container_cpu_usage_seconds_total,20647.895
1718651580,observe.shippingservice-0,container_cpu_usage_seconds_total,8555.593
1718651580,observe.productcatalogservice-0,container_cpu_usage_seconds_total,40876.034
1718651580,observe.checkoutservice-2,container_cpu_usage_seconds_total,9263.085
1718651580,observe.emailservice-0,container_cpu_usage_seconds_total,7117.315
1718651580,observe.paymentservice-2,container_cpu_usage_seconds_total,12514.336
1718651580,observe.currencyservice-1,container_cpu_usage_seconds_total,50862.552
1718651580,observe.frontend-1,container_cpu_usage_seconds_total,80317.102
1718651580,observe.emailservice-1,container_cpu_usage_seconds_total,7194.206
1718651580,observe.cartservice-1,container_cpu_usage_seconds_total,29592.444
1718651580,observe.frontend-0,container_cpu_usage_seconds_total,80694.522
1718651580,observe.productcatalogservice-1,container_cpu_usage_seconds_total,41185.191
1718651580,observe.shippingservice-1,container_cpu_usage_seconds_total,8642.363
1718651580,observe.paymentservice-1,container_cpu_usage_seconds_total,12749.002
1718651580,observe.currencyservice-2,container_cpu_usage_seconds_total,50806.434
1718651580,observe.recommendationservice-1,container_cpu_usage_seconds_total,20932.452
1718651580,observe.recommendationservice-0,container_cpu_usage_seconds_total,20660.338
1718651580,observe.productcatalogservice-2,container_cpu_usage_seconds_total,40940.555
1718651580,observe.checkoutservice-0,container_cpu_usage_seconds_total,9280.959
1718651640,observe.recommendationservice-1,container_cpu_usage_seconds_total,20932.452
1718651640,observe.shippingservice-1,container_cpu_usage_seconds_total,8642.602
1718651640,observe.frontend-1,container_cpu_usage_seconds_total,80318.898
1718651640,observe.cartservice-2,container_cpu_usage_seconds_total,29673.604
1718651640,observe.paymentservice-1,container_cpu_usage_seconds_total,12749.426
1718651640,observe.currencyservice-2,container_cpu_usage_seconds_total,50807.746
1718651640,observe.frontend-2,container_cpu_usage_seconds_total,79407.998
1718651640,observe.recommendationservice-2,container_cpu_usage_seconds_total,20648.48
1718651640,observe.productcatalogservice-1,container_cpu_usage_seconds_total,41186.439
1718651640,observe.emailservice-0,container_cpu_usage_seconds_total,7117.48
1718651640,observe.frontend-0,container_cpu_usage_seconds_total,80698.182
1718651640,observe.shippingservice-0,container_cpu_usage_seconds_total,8556.018
1718651640,observe.emailservice-2,container_cpu_usage_seconds_total,7221.821
1718651640,observe.paymentservice-0,container_cpu_usage_seconds_total,12695.633
1718651640,observe.currencyservice-0,container_cpu_usage_seconds_total,50713.762
1718651640,observe.productcatalogservice-2,container_cpu_usage_seconds_total,40941.626
1718651640,observe.recommendationservice-0,container_cpu_usage_seconds_total,20660.857
1718651640,observe.productcatalogservice-0,container_cpu_usage_seconds_total,40877.08
1718651640,observe.cartservice-1,container_cpu_usage_seconds_total,29593.228
1718651640,observe.checkoutservice-2,container_cpu_usage_seconds_total,9263.276
1718651640,observe.shippingservice-2,container_cpu_usage_seconds_total,8660.853
1718651640,observe.emailservice-1,container_cpu_usage_seconds_total,7194.392
1718651640,observe.checkoutservice-0,container_cpu_usage_seconds_total,9281.228
1718651640,observe.cartservice-0,container_cpu_usage_seconds_total,29605.055
1718651640,observe.currencyservice-1,container_cpu_usage_seconds_total,50864.973
1718651640,observe.paymentservice-2,container_cpu_usage_seconds_total,12514.689
1718651640,observe.checkoutservice-1,container_cpu_usage_seconds_total,9272.943
1718651700,observe.currencyservice-0,container_cpu_usage_seconds_total,50715.086
1718651700,observe.frontend-0,container_cpu_usage_seconds_total,80703.976
1718651700,observe.paymentservice-1,container_cpu_usage_seconds_total,12750.044
1718651700,observe.productcatalogservice-2,container_cpu_usage_seconds_total,40942.619
1718651700,observe.checkoutservice-1,container_cpu_usage_seconds_total,9273.222
1718651700,observe.emailservice-1,container_cpu_usage_seconds_total,7194.689
1718651700,observe.productcatalogservice-0,container_cpu_usage_seconds_total,40878.277
1718651700,observe.cartservice-2,container_cpu_usage_seconds_total,29673.604
1718651700,observe.frontend-2,container_cpu_usage_seconds_total,79410.579
1718651700,observe.productcatalogservice-1,container_cpu_usage_seconds_total,41187.449
1718651700,observe.shippingservice-2,container_cpu_usage_seconds_total,8661.196
1718651700,observe.frontend-1,container_cpu_usage_seconds_total,80326.985
1718651700,observe.paymentservice-2,container_cpu_usage_seconds_total,12515.018
1718651700,observe.checkoutservice-0,container_cpu_usage_seconds_total,9281.482
1718651700,observe.currencyservice-1,container_cpu_usage_seconds_total,50864.973
1718651700,observe.cartservice-1,container_cpu_usage_seconds_total,29594.467
1718651700,observe.emailservice-0,container_cpu_usage_seconds_total,7117.759
1718651700,observe.recommendationservice-0,container_cpu_usage_seconds_total,20660.857
1718651700,observe.paymentservice-0,container_cpu_usage_seconds_total,12695.98
1718651700,observe.currencyservice-2,container_cpu_usage_seconds_total,50809.983
1718651700,observe.shippingservice-1,container_cpu_usage_seconds_total,8642.738
1718651700,observe.recommendationservice-2,container_cpu_usage_seconds_total,20648.48
1718651700,observe.checkoutservice-2,container_cpu_usage_seconds_total,9263.514
1718651700,observe.shippingservice-0,container_cpu_usage_seconds_total,8556.018
1718651700,observe.emailservice-2,container_cpu_usage_seconds_total,7222.113
1718651700,observe.cartservice-0,container_cpu_usage_seconds_total,29606.536
1718651700,observe.recommendationservice-1,container_cpu_usage_seconds_total,20933.185
1718651760,observe.cartservice-0,container_cpu_usage_seconds_total,29612.823
1718651760,observe.checkoutservice-1,container_cpu_usage_seconds_total,9273.566
1718651760,observe.checkoutservice-0,container_cpu_usage_seconds_total,9281.728
1718651760,observe.shippingservice-1,container_cpu_usage_seconds_total,8642.738
1718651760,observe.currencyservice-0,container_cpu_usage_seconds_total,50717.306
1718651760,observe.frontend-1,container_cpu_usage_seconds_total,80329.33
1718651760,observe.productcatalogservice-0,container_cpu_usage_seconds_total,40878.277
1718651760,observe.frontend-0,container_cpu_usage_seconds_total,80706.572
1718651760,observe.emailservice-2,container_cpu_usage_seconds_total,7222.113
1718651760,observe.paymentservice-0,container_cpu_usage_seconds_total,12695.98
1718651760,observe.shippingservice-2,container_cpu_usage_seconds_total,8661.383
1718651760,observe.paymentservice-2,container_cpu_usage_seconds_total,12515.389
1718651760,observe.checkoutservice-2,container_cpu_usage_seconds_total,9263.768
1718651760,observe.recommendationservice-0,container_cpu_usage_seconds_total,20661.095
1718651760,observe.emailservice-1,container_cpu_usage_seconds_total,7194.689
1718651760,observe.emailservice-0,container_cpu_usage_seconds_total,7117.759
1718651760,observe.frontend-2,container_cpu_usage_seconds_total,79416.579
1718651760,observe.recommendationservice-2,container_cpu_usage_seconds_total,20649.21
1718651760,observe.productcatalogservice-2,container_cpu_usage_seconds_total,40943.799
1718651760,observe.recommendationservice-1,container_cpu_usage_seconds_total,20933.185
1718651760,observe.productcatalogservice-1,container_cpu_usage_seconds_total,41188.7
1718651760,observe.cartservice-1,container_cpu_usage_seconds_total,29599.406
1718651760,observe.paymentservice-1,container_cpu_usage_seconds_total,12750.044
1718651760,observe.cartservice-2,container_cpu_usage_seconds_total,29674.359
1718651760,observe.shippingservice-0,container_cpu_usage_seconds_total,8556.179
1718651760,observe.currencyservice-1,container_cpu_usage_seconds_total,50867.472
1718651760,observe.currencyservice-2,container_cpu_usage_seconds_total,50809.983
1718651820,observe.emailservice-2,container_cpu_usage_seconds_total,7222.295
1718651820,observe.cartservice-1,container_cpu_usage_seconds_total,29599.406
1718651820,observe.recommendationservice-0,container_cpu_usage_seconds_total,20661.682
1718651820,observe.checkoutservice-2,container_cpu_usage_seconds_total,9263.768
1718651820,observe.currencyservice-0,container_cpu_usage_seconds_total,50719.876
1718651820,observe.emailservice-1,container_cpu_usage_seconds_total,7194.904
1718651820,observe.productcatalogservice-2,container_cpu_usage_seconds_total,40944.889
1718651820,observe.currencyservice-1,container_cpu_usage_seconds_total,50868.722
1718651820,observe.paymentservice-2,container_cpu_usage_seconds_total,12516.057
1718651820,observe.frontend-0,container_cpu_usage_seconds_total,80706.572
1718651820,observe.recommendationservice-1,container_cpu_usage_seconds_total,20933.743
1718651820,observe.checkoutservice-0,container_cpu_usage_seconds_total,9281.728
1718651820,observe.paymentservice-1,container_cpu_usage_seconds_total,12750.705
1718651820,observe.currencyservice-2,container_cpu_usage_seconds_total,50812.788
1718651820,observe.shippingservice-0,container_cpu_usage_seconds_total,8556.565
1718651820,observe.cartservice-2,container_cpu_usage_seconds_total,29680.07
1718651820,observe.productcatalogservice-1,container_cpu_usage_seconds_total,41189.642
1718651820,observe.recommendationservice-2,container_cpu_usage_seconds_total,20649.795
1718651820,observe.frontend-2,container_cpu_usage_seconds_total,79418.483
1718651820,observe.productcatalogservice-0,container_cpu_usage_seconds_total,40879.418
1718651820,observe.emailservice-0,container_cpu_usage_seconds_total,7117.962
1718651820,observe.shippingservice-2,container_cpu_usage_seconds_total,8661.383
1718651820,observe.cartservice-0,container_cpu_usage_seconds_total,29613.932
1718651820,observe.checkoutservice-1,container_cpu_usage_seconds_total,9273.566
1718651820,observe.shippingservice-1,container_cpu_usage_seconds_total,8643.193
1718651820,observe.paymentservice-0,container_cpu_usage_seconds_total,12696.716
1718651820,observe.frontend-1,container_cpu_usage_seconds_total,80331.704
1718651880,observe.frontend-1,container_cpu_usage_seconds_total,80333.736
1718651880,observe.paymentservice-1,container_cpu_usage_seconds_total,12750.705
1718651880,observe.currencyservice-1,container_cpu_usage_seconds_total,50871.364
1718651880,observe.frontend-0,container_cpu_usage_seconds_total,80708.752
1718651880,observe.currencyservice-2,container_cpu_usage_seconds_total,50814.225
1718651880,observe.productcatalogservice-1,container_cpu_usage_seconds_total,41190.746
1718651880,observe.emailservice-0,container_cpu_usage_seconds_total,7118.282
1718651880,observe.recommendationservice-1,container_cpu_usage_seconds_total,20934.199
1718651880,observe.emailservice-1,container_cpu_usage_seconds_total,7195.201
1718651880,observe.checkoutservice-2,container_cpu_usage_seconds_total,9264.199
1718651880,observe.shippingservice-1,container_cpu_usage_seconds_total,8643.193
1718651880,observe.paymentservice-2,container_cpu_usage_seconds_total,12516.057
1718651880,observe.cartservice-1,container_cpu_usage_seconds_total,29601.969
1718651880,observe.frontend-2,container_cpu_usage_seconds_total,79420.616
1718651880,observe.productcatalogservice-0,container_cpu_usage_seconds_total,40880.453
1718651880,observe.checkoutservice-1,container_cpu_usage_seconds_total,9273.982
1718651880,observe.emailservice-2,container_cpu_usage_seconds_total,7222.451
1718651880,observe.currencyservice-0,container_cpu_usage_seconds_total,50719.876
1718651880,observe.cartservice-0,container_cpu_usage_seconds_total,29613.932
1718651880,observe.paymentservice-0,container_cpu_usage_seconds_total,12697.047
1718651880,observe.recommendationservice-2,container_cpu_usage_seconds_total,20649.795
1718651880,observe.recommendationservice-0,container_cpu_usage_seconds_total,20662.194
1718651880,observe.shippingservice-2,container_cpu_usage_seconds_total,8661.875
1718651880,observe.cartservice-2,container_cpu_usage_seconds_total,29681.169
1718651880,observe.checkoutservice-0,container_cpu_usage_seconds_total,9282.152
1718651880,observe.shippingservice-0,container_cpu_usage_seconds_total,8556.763
1718651880,observe.productcatalogservice-2,container_cpu_usage_seconds_total,40945.882
1718651940,observe.paymentservice-0,container_cpu_usage_seconds_total,12697.047
1718651940,observe.shippingservice-1,container_cpu_usage_seconds_total,8643.6
1718651940,observe.checkoutservice-1,container_cpu_usage_seconds_total,9273.982
1718651940,observe.checkoutservice-0,container_cpu_usage_seconds_total,9282.444
1718651940,observe.shippingservice-0,container_cpu_usage_seconds_total,8556.763
1718651940,observe.cartservice-2,container_cpu_usage_seconds_total,29682.692
1718651940,observe.frontend-1,container_cpu_usage_seconds_total,80333.736
1718651940,observe.recommendationservice-1,container_cpu_usage_seconds_total,20935.234
1718651940,observe.frontend-2,container_cpu_usage_seconds_total,79422.593
1718651940,observe.currencyservice-2,container_cpu_usage_seconds_total,50815.624
1718651940,observe.productcatalogservice-1,container_cpu_usage_seconds_total,41191.68
1718651940,observe.recommendationservice-2,container_cpu_usage_seconds_total,20650.333
1718651940,observe.cartservice-0,container_cpu_usage_seconds_total,29615.568
1718651940,observe.productcatalogservice-0,container_cpu_usage_seconds_total,40882.331
1718651940,observe.frontend-0,container_cpu_usage_seconds_total,80710.819
1718651940,observe.checkoutservice-2,container_cpu_usage_seconds_total,9264.402
1718651940,observe.shippingservice-2,container_cpu_usage_seconds_total,8661.875
1718651940,observe.recommendationservice-0,container_cpu_usage_seconds_total,20663.13
1718651940,observe.productcatalogservice-2,container_cpu_usage_seconds_total,40947.004
1718651940,observe.currencyservice-0,container_cpu_usage_seconds_total,50722.631
1718651940,observe.paymentservice-2,container_cpu_usage_seconds_total,12516.707
1718651940,observe.cartservice-1,container_cpu_usage_seconds_total,29602.81
1718651940,observe.emailservice-2,container_cpu_usage_seconds_total,7222.736
1718651940,observe.currencyservice-1,container_cpu_usage_seconds_total,50871.364
1718651940,observe.emailservice-0,container_cpu_usage_seconds_total,7118.282
1718651940,observe.paymentservice-1,container_cpu_usage_seconds_total,12751.302
1718651940,observe.emailservice-1,container_cpu_usage_seconds_total,7195.374
1718652000,observe.shippingservice-0,container_cpu_usage_seconds_total,8556.973
1718652000,observe.recommendationservice-2,container_cpu_usage_seconds_total,20650.904
1718652000,observe.checkoutservice-0,container_cpu_usage_seconds_total,9282.641
1718652000,observe.cartservice-1,container_cpu_usage_seconds_total,29602.81
1718652000,observe.currencyservice-2,container_cpu_usage_seconds_total,50815.624
1718652000,observe.productcatalogservice-1,container_cpu_usage_seconds_total,41192.927
1718652000,observe.productcatalogservice-2,container_cpu_usage_seconds_total,40948.065
1718652000,observe.currencyservice-1,container_cpu_usage_seconds_total,50874.133
1718652000,observe.cartservice-2,container_cpu_usage_seconds_total,29682.692
1718652000,observe.productcatalogservice-0,container_cpu_usage_seconds_total,40882.331
1718652000,observe.shippingservice-2,container_cpu_usage_seconds_total,8662.111
1718652000,observe.checkoutservice-2,container_cpu_usage_seconds_total,9264.402
1718652000,observe.recommendationservice-1,container_cpu_usage_seconds_total,20935.234
1718652000,observe.frontend-1,container_cpu_usage_seconds_total,80336.169
1718652000,observe.recommendationservice-0,container_cpu_usage_seconds_total,20663.13
1718652000,observe.frontend-2,container_cpu_usage_seconds_total,79426.51
1718652000,observe.cartservice-0,container_cpu_usage_seconds_total,29616.424
1718652000,observe.currencyservice-0,container_cpu_usage_seconds_total,50723.733
1718652000,observe.checkoutservice-1,container_cpu_usage_seconds_total,9274.522
1718652000,observe.paymentservice-2,container_cpu_usage_seconds_total,12517.073
1718652000,observe.shippingservice-1,container_cpu_usage_seconds_total,8643.6
1718652000,observe.frontend-0,container_cpu_usage_seconds_total,80712.728
1718652000,observe.emailservice-0,container_cpu_usage_seconds_total,7118.464
1718652000,observe.paymentservice-0,container_cpu_usage_seconds_total,12697.411
1718652000,observe.emailservice-2,container_cpu_usage_seconds_total,7222.939
1718652000,observe.emailservice-1,container_cpu_usage_seconds_total,7195.374
1718652000,observe.paymentservice-1,container_cpu_usage_seconds_total,12751.302
