timestamp,cmdb_id,kpi_name,value
1718651400,observe.currencyservice-2,container_spec_cpu_quota,220000.0
1718651400,observe.frontend-0,container_spec_cpu_quota,220000.0
1718651400,observe.checkoutservice-2,container_spec_cpu_quota,220000.0
1718651400,observe.emailservice-0,container_spec_cpu_quota,220000.0
1718651400,observe.frontend-1,container_spec_cpu_quota,220000.0
1718651400,observe.paymentservice-2,container_spec_cpu_quota,220000.0
1718651400,observe.currencyservice-1,container_spec_cpu_quota,220000.0
1718651400,observe.frontend-2,container_spec_cpu_quota,220000.0
1718651400,observe.shippingservice-0,container_spec_cpu_quota,220000.0
1718651400,observe.cartservice-0,container_spec_cpu_quota,230000.0
1718651400,observe.shippingservice-2,container_spec_cpu_quota,220000.0
1718651400,observe.shippingservice-1,container_spec_cpu_quota,220000.0
1718651400,observe.productcatalogservice-1,container_spec_cpu_quota,220000.0
1718651400,observe.recommendationservice-2,container_spec_cpu_quota,220000.0
1718651400,observe.emailservice-1,container_spec_cpu_quota,220000.0
1718651400,observe.cartservice-1,container_spec_cpu_quota,230000.0
1718651400,observe.checkoutservice-1,container_spec_cpu_quota,220000.0
1718651400,observe.paymentservice-0,container_spec_cpu_quota,220000.0
1718651400,observe.emailservice-2,container_spec_cpu_quota,220000.0
1718651400,observe.productcatalogservice-0,container_spec_cpu_quota,220000.0
1718651400,observe.recommendationservice-1,container_spec_cpu_quota,220000.0
1718651400,observe.paymentservice-1,container_spec_cpu_quota,220000.0
1718651400,observe.recommendationservice-0,container_spec_cpu_quota,220000.0
1718651400,observe.productcatalogservice-2,container_spec_cpu_quota,220000.0
1718651400,observe.currencyservice-0,container_spec_cpu_quota,220000.0
1718651400,observe.cartservice-2,container_spec_cpu_quota,230000.0
1718651400,observe.checkoutservice-0,container_spec_cpu_quota,220000.0
1718651460,observe.paymentservice-0,container_spec_cpu_quota,220000.0
1718651460,observe.frontend-0,container_spec_cpu_quota,220000.0
1718651460,observe.emailservice-2,container_spec_cpu_quota,220000.0
1718651460,observe.checkoutservice-1,container_spec_cpu_quota,220000.0
1718651460,observe.productcatalogservice-2,container_spec_cpu_quota,220000.0
1718651460,observe.currencyservice-1,container_spec_cpu_quota,220000.0
1718651460,observe.paymentservice-2,container_spec_cpu_quota,220000.0
1718651460,observe.cartservice-1,container_spec_cpu_quota,230000.0
1718651460,observe.cartservice-0,container_spec_cpu_quota,230000.0
1718651460,observe.recommendationservice-0,container_spec_cpu_quota,220000.0
1718651460,observe.productcatalogservice-0,container_spec_cpu_quota,220000.0
1718651460,observe.emailservice-1,container_spec_cpu_quota,220000.0
1718651460,observe.currencyservice-0,container_spec_cpu_quota,220000.0
1718651460,observe.shippingservice-2,container_spec_cpu_quota,220000.0
1718651460,observe.checkoutservice-2,container_spec_cpu_quota,220000.0
1718651460,observe.recommendationservice-2,container_spec_cpu_quota,220000.0
1718651460,observe.productcatalogservice-1,container_spec_cpu_quota,220000.0
1718651460,observe.shippingservice-1,container_spec_cpu_quota,220000.0
1718651460,observe.frontend-2,container_spec_cpu_quota,220000.0
1718651460,observe.recommendationservice-1,container_spec_cpu_quota,220000.0
1718651460,observe.paymentservice-1,container_spec_cpu_quota,220000.0
1718651460,observe.cartservice-2,container_spec_cpu_quota,230000.0
1718651460,observe.frontend-1,container_spec_cpu_quota,220000.0
1718651460,observe.emailservice-0,container_spec_cpu_quota,220000.0
1718651460,observe.currencyservice-2,container_spec_cpu_quota,220000.0
1718651460,observe.checkoutservice-0,container_spec_cpu_quota,220000.0
1718651460,observe.shippingservice-0,container_spec_cpu_quota,220000.0
1718651520,observe.currencyservice-0,container_spec_cpu_quota,220000.0
1718651520,observe.recommendationservice-0,container_spec_cpu_quota,220000.0
1718651520,observe.paymentservice-1,container_spec_cpu_quota,220000.0
1718651520,observe.frontend-0,container_spec_cpu_quota,220000.0
1718651520,observe.productcatalogservice-2,container_spec_cpu_quota,220000.0
1718651520,observe.recommendationservice-1,container_spec_cpu_quota,220000.0
1718651520,observe.productcatalogservice-0,container_spec_cpu_quota,220000.0
1718651520,observe.checkoutservice-0,container_spec_cpu_quota,220000.0
1718651520,observe.cartservice-2,container_spec_cpu_quota,230000.0
1718651520,observe.currencyservice-2,container_spec_cpu_quota,220000.0
1718651520,observe.paymentservice-0,container_spec_cpu_quota,220000.0
1718651520,observe.cartservice-1,container_spec_cpu_quota,230000.0
1718651520,observe.shippingservice-0,container_spec_cpu_quota,220000.0
1718651520,observe.paymentservice-2,container_spec_cpu_quota,220000.0
1718651520,observe.recommendationservice-2,container_spec_cpu_quota,220000.0
1718651520,observe.emailservice-0,container_spec_cpu_quota,220000.0
1718651520,observe.checkoutservice-2,container_spec_cpu_quota,220000.0
1718651520,observe.checkoutservice-1,container_spec_cpu_quota,220000.0
1718651520,observe.cartservice-0,container_spec_cpu_quota,230000.0
1718651520,observe.productcatalogservice-1,container_spec_cpu_quota,220000.0
1718651520,observe.frontend-1,container_spec_cpu_quota,220000.0
1718651520,observe.emailservice-2,container_spec_cpu_quota,220000.0
1718651520,observe.currencyservice-1,container_spec_cpu_quota,220000.0
1718651520,observe.shippingservice-1,container_spec_cpu_quota,220000.0
1718651520,observe.shippingservice-2,container_spec_cpu_quota,220000.0
1718651520,observe.emailservice-1,container_spec_cpu_quota,220000.0
1718651520,observe.frontend-2,container_spec_cpu_quota,220000.0
1718651580,observe.frontend-2,container_spec_cpu_quota,220000.0
1718651580,observe.cartservice-2,container_spec_cpu_quota,230000.0
1718651580,observe.cartservice-0,container_spec_cpu_quota,230000.0
1718651580,observe.checkoutservice-1,container_spec_cpu_quota,220000.0
1718651580,observe.currencyservice-0,container_spec_cpu_quota,220000.0
1718651580,observe.emailservice-2,container_spec_cpu_quota,220000.0
1718651580,observe.paymentservice-0,container_spec_cpu_quota,220000.0
1718651580,observe.shippingservice-2,container_spec_cpu_quota,220000.0
1718651580,observe.recommendationservice-2,container_spec_cpu_quota,220000.0
1718651580,observe.shippingservice-0,container_spec_cpu_quota,220000.0
1718651580,observe.productcatalogservice-0,container_spec_cpu_quota,220000.0
1718651580,observe.checkoutservice-2,container_spec_cpu_quota,220000.0
1718651580,observe.emailservice-0,container_spec_cpu_quota,220000.0
1718651580,observe.paymentservice-2,container_spec_cpu_quota,220000.0
1718651580,observe.currencyservice-1,container_spec_cpu_quota,220000.0
1718651580,observe.frontend-1,container_spec_cpu_quota,220000.0
1718651580,observe.emailservice-1,container_spec_cpu_quota,220000.0
1718651580,observe.cartservice-1,container_spec_cpu_quota,230000.0
1718651580,observe.frontend-0,container_spec_cpu_quota,220000.0
1718651580,observe.productcatalogservice-1,container_spec_cpu_quota,220000.0
1718651580,observe.shippingservice-1,container_spec_cpu_quota,220000.0
1718651580,observe.paymentservice-1,container_spec_cpu_quota,220000.0
1718651580,observe.currencyservice-2,container_spec_cpu_quota,220000.0
1718651580,observe.recommendationservice-1,container_spec_cpu_quota,220000.0
1718651580,observe.recommendationservice-0,container_spec_cpu_quota,220000.0
1718651580,observe.productcatalogservice-2,container_spec_cpu_quota,220000.0
1718651580,observe.checkoutservice-0,container_spec_cpu_quota,220000.0
1718651640,observe.recommendationservice-1,container_spec_cpu_quota,220000.0
1718651640,observe.shippingservice-1,container_spec_cpu_quota,220000.0
1718651640,observe.frontend-1,container_spec_cpu_quota,220000.0
1718651640,observe.cartservice-2,container_spec_cpu_quota,230000.0
1718651640,observe.paymentservice-1,container_spec_cpu_quota,220000.0
1718651640,observe.currencyservice-2,container_spec_cpu_quota,220000.0
1718651640,observe.frontend-2,container_spec_cpu_quota,220000.0
1718651640,observe.recommendationservice-2,container_spec_cpu_quota,220000.0
1718651640,observe.productcatalogservice-1,container_spec_cpu_quota,220000.0
1718651640,observe.emailservice-0,container_spec_cpu_quota,220000.0
1718651640,observe.frontend-0,container_spec_cpu_quota,220000.0
1718651640,observe.shippingservice-0,container_spec_cpu_quota,220000.0
1718651640,observe.emailservice-2,container_spec_cpu_quota,220000.0
1718651640,observe.paymentservice-0,container_spec_cpu_quota,220000.0
1718651640,observe.currencyservice-0,container_spec_cpu_quota,220000.0
1718651640,observe.productcatalogservice-2,container_spec_cpu_quota,220000.0
1718651640,observe.recommendationservice-0,container_spec_cpu_quota,220000.0
1718651640,observe.productcatalogservice-0,container_spec_cpu_quota,220000.0
1718651640,observe.cartservice-1,container_spec_cpu_quota,230000.0
1718651640,observe.checkoutservice-2,container_spec_cpu_quota,220000.0
1718651640,observe.shippingservice-2,container_spec_cpu_quota,220000.0
1718651640,observe.emailservice-1,container_spec_cpu_quota,220000.0
1718651640,observe.checkoutservice-0,container_spec_cpu_quota,220000.0
1718651640,observe.cartservice-0,container_spec_cpu_quota,230000.0
1718651640,observe.currencyservice-1,container_spec_cpu_quota,220000.0
1718651640,observe.paymentservice-2,container_spec_cpu_quota,220000.0
1718651640,observe.checkoutservice-1,container_spec_cpu_quota,220000.0
1718651700,observe.currencyservice-0,container_spec_cpu_quota,220000.0
1718651700,observe.frontend-0,container_spec_cpu_quota,220000.0
1718651700,observe.paymentservice-1,container_spec_cpu_quota,220000.0
1718651700,observe.productcatalogservice-2,container_spec_cpu_quota,220000.0
1718651700,observe.checkoutservice-1,container_spec_cpu_quota,220000.0
1718651700,observe.emailservice-1,container_spec_cpu_quota,220000.0
1718651700,observe.productcatalogservice-0,container_spec_cpu_quota,220000.0
1718651700,observe.cartservice-2,container_spec_cpu_quota,230000.0
1718651700,observe.frontend-2,container_spec_cpu_quota,220000.0
1718651700,observe.productcatalogservice-1,container_spec_cpu_quota,220000.0
1718651700,observe.shippingservice-2,container_spec_cpu_quota,220000.0
1718651700,observe.frontend-1,container_spec_cpu_quota,220000.0
1718651700,observe.paymentservice-2,container_spec_cpu_quota,220000.0
1718651700,observe.checkoutservice-0,container_spec_cpu_quota,220000.0
1718651700,observe.currencyservice-1,container_spec_cpu_quota,220000.0
1718651700,observe.cartservice-1,container_spec_cpu_quota,230000.0
1718651700,observe.emailservice-0,container_spec_cpu_quota,220000.0
1718651700,observe.recommendationservice-0,container_spec_cpu_quota,220000.0
1718651700,observe.paymentservice-0,container_spec_cpu_quota,220000.0
1718651700,observe.currencyservice-2,container_spec_cpu_quota,220000.0
1718651700,observe.shippingservice-1,container_spec_cpu_quota,220000.0
1718651700,observe.recommendationservice-2,container_spec_cpu_quota,220000.0
1718651700,observe.checkoutservice-2,container_spec_cpu_quota,220000.0
1718651700,observe.shippingservice-0,container_spec_cpu_quota,220000.0
1718651700,observe.emailservice-2,container_spec_cpu_quota,220000.0
1718651700,observe.cartservice-0,container_spec_cpu_quota,230000.0
1718651700,observe.recommendationservice-1,container_spec_cpu_quota,220000.0
1718651760,observe.cartservice-0,container_spec_cpu_quota,230000.0
1718651760,observe.checkoutservice-1,container_spec_cpu_quota,220000.0
1718651760,observe.checkoutservice-0,container_spec_cpu_quota,220000.0
1718651760,observe.shippingservice-1,container_spec_cpu_quota,220000.0
1718651760,observe.currencyservice-0,container_spec_cpu_quota,220000.0
1718651760,observe.frontend-1,container_spec_cpu_quota,220000.0
1718651760,observe.productcatalogservice-0,container_spec_cpu_quota,220000.0
1718651760,observe.frontend-0,container_spec_cpu_quota,220000.0
1718651760,observe.emailservice-2,container_spec_cpu_quota,220000.0
1718651760,observe.paymentservice-0,container_spec_cpu_quota,220000.0
1718651760,observe.shippingservice-2,container_spec_cpu_quota,220000.0
1718651760,observe.paymentservice-2,container_spec_cpu_quota,220000.0
1718651760,observe.checkoutservice-2,container_spec_cpu_quota,220000.0
1718651760,observe.recommendationservice-0,container_spec_cpu_quota,220000.0
1718651760,observe.emailservice-1,container_spec_cpu_quota,220000.0
1718651760,observe.emailservice-0,container_spec_cpu_quota,220000.0
1718651760,observe.frontend-2,container_spec_cpu_quota,220000.0
1718651760,observe.recommendationservice-2,container_spec_cpu_quota,220000.0
1718651760,observe.productcatalogservice-2,container_spec_cpu_quota,220000.0
1718651760,observe.recommendationservice-1,container_spec_cpu_quota,220000.0
1718651760,observe.productcatalogservice-1,container_spec_cpu_quota,220000.0
1718651760,observe.cartservice-1,container_spec_cpu_quota,230000.0
1718651760,observe.paymentservice-1,container_spec_cpu_quota,220000.0
1718651760,observe.cartservice-2,container_spec_cpu_quota,230000.0
1718651760,observe.shippingservice-0,container_spec_cpu_quota,220000.0
1718651760,observe.currencyservice-1,container_spec_cpu_quota,220000.0
1718651760,observe.currencyservice-2,container_spec_cpu_quota,220000.0
1718651820,observe.emailservice-2,container_spec_cpu_quota,220000.0
1718651820,observe.cartservice-1,container_spec_cpu_quota,230000.0
1718651820,observe.recommendationservice-0,container_spec_cpu_quota,220000.0
1718651820,observe.checkoutservice-2,container_spec_cpu_quota,220000.0
1718651820,observe.currencyservice-0,container_spec_cpu_quota,220000.0
1718651820,observe.emailservice-1,container_spec_cpu_quota,220000.0
1718651820,observe.productcatalogservice-2,container_spec_cpu_quota,220000.0
1718651820,observe.currencyservice-1,container_spec_cpu_quota,220000.0
1718651820,observe.paymentservice-2,container_spec_cpu_quota,220000.0
1718651820,observe.frontend-0,container_spec_cpu_quota,220000.0
1718651820,observe.recommendationservice-1,container_spec_cpu_quota,220000.0
1718651820,observe.checkoutservice-0,container_spec_cpu_quota,220000.0
1718651820,observe.paymentservice-1,container_spec_cpu_quota,220000.0
1718651820,observe.currencyservice-2,container_spec_cpu_quota,220000.0
1718651820,observe.shippingservice-0,container_spec_cpu_quota,220000.0
1718651820,observe.cartservice-2,container_spec_cpu_quota,230000.0
1718651820,observe.productcatalogservice-1,container_spec_cpu_quota,220000.0
1718651820,observe.recommendationservice-2,container_spec_cpu_quota,220000.0
1718651820,observe.frontend-2,container_spec_cpu_quota,220000.0
1718651820,observe.productcatalogservice-0,container_spec_cpu_quota,220000.0
1718651820,observe.emailservice-0,container_spec_cpu_quota,220000.0
1718651820,observe.shippingservice-2,container_spec_cpu_quota,220000.0
1718651820,observe.cartservice-0,container_spec_cpu_quota,230000.0
1718651820,observe.checkoutservice-1,container_spec_cpu_quota,220000.0
1718651820,observe.shippingservice-1,container_spec_cpu_quota,220000.0
1718651820,observe.paymentservice-0,container_spec_cpu_quota,220000.0
1718651820,observe.frontend-1,container_spec_cpu_quota,220000.0
1718651880,observe.frontend-1,container_spec_cpu_quota,220000.0
1718651880,observe.paymentservice-1,container_spec_cpu_quota,220000.0
1718651880,observe.currencyservice-1,container_spec_cpu_quota,220000.0
1718651880,observe.frontend-0,container_spec_cpu_quota,220000.0
1718651880,observe.currencyservice-2,container_spec_cpu_quota,220000.0
1718651880,observe.productcatalogservice-1,container_spec_cpu_quota,220000.0
1718651880,observe.emailservice-0,container_spec_cpu_quota,220000.0
1718651880,observe.recommendationservice-1,container_spec_cpu_quota,220000.0
1718651880,observe.emailservice-1,container_spec_cpu_quota,220000.0
1718651880,observe.checkoutservice-2,container_spec_cpu_quota,220000.0
1718651880,observe.shippingservice-1,container_spec_cpu_quota,220000.0
1718651880,observe.paymentservice-2,container_spec_cpu_quota,220000.0
1718651880,observe.cartservice-1,container_spec_cpu_quota,230000.0
1718651880,observe.frontend-2,container_spec_cpu_quota,220000.0
1718651880,observe.productcatalogservice-0,container_spec_cpu_quota,220000.0
1718651880,observe.checkoutservice-1,container_spec_cpu_quota,220000.0
1718651880,observe.emailservice-2,container_spec_cpu_quota,220000.0
1718651880,observe.currencyservice-0,container_spec_cpu_quota,220000.0
1718651880,observe.cartservice-0,container_spec_cpu_quota,230000.0
1718651880,observe.paymentservice-0,container_spec_cpu_quota,220000.0
1718651880,observe.recommendationservice-2,container_spec_cpu_quota,220000.0
1718651880,observe.recommendationservice-0,container_spec_cpu_quota,220000.0
1718651880,observe.shippingservice-2,container_spec_cpu_quota,220000.0
1718651880,observe.cartservice-2,container_spec_cpu_quota,230000.0
1718651880,observe.checkoutservice-0,container_spec_cpu_quota,220000.0
1718651880,observe.shippingservice-0,container_spec_cpu_quota,220000.0
1718651880,observe.productcatalogservice-2,container_spec_cpu_quota,220000.0
1718651940,observe.paymentservice-0,container_spec_cpu_quota,220000.0
1718651940,observe.shippingservice-1,container_spec_cpu_quota,220000.0
1718651940,observe.checkoutservice-1,container_spec_cpu_quota,220000.0
1718651940,observe.checkoutservice-0,container_spec_cpu_quota,220000.0
1718651940,observe.shippingservice-0,container_spec_cpu_quota,220000.0
1718651940,observe.cartservice-2,container_spec_cpu_quota,230000.0
1718651940,observe.frontend-1,container_spec_cpu_quota,220000.0
1718651940,observe.recommendationservice-1,container_spec_cpu_quota,220000.0
1718651940,observe.frontend-2,container_spec_cpu_quota,220000.0
1718651940,observe.currencyservice-2,container_spec_cpu_quota,220000.0
1718651940,observe.productcatalogservice-1,container_spec_cpu_quota,220000.0
1718651940,observe.recommendationservice-2,container_spec_cpu_quota,220000.0
1718651940,observe.cartservice-0,container_spec_cpu_quota,230000.0
1718651940,observe.productcatalogservice-0,container_spec_cpu_quota,220000.0
1718651940,observe.frontend-0,container_spec_cpu_quota,220000.0
1718651940,observe.checkoutservice-2,container_spec_cpu_quota,220000.0
1718651940,observe.shippingservice-2,container_spec_cpu_quota,220000.0
1718651940,observe.recommendationservice-0,container_spec_cpu_quota,220000.0
1718651940,observe.productcatalogservice-2,container_spec_cpu_quota,220000.0
1718651940,observe.currencyservice-0,container_spec_cpu_quota,220000.0
1718651940,observe.paymentservice-2,container_spec_cpu_quota,220000.0
1718651940,observe.cartservice-1,container_spec_cpu_quota,230000.0
1718651940,observe.emailservice-2,container_spec_cpu_quota,220000.0
1718651940,observe.currencyservice-1,container_spec_cpu_quota,220000.0
1718651940,observe.emailservice-0,container_spec_cpu_quota,220000.0
1718651940,observe.paymentservice-1,container_spec_cpu_quota,220000.0
1718651940,observe.emailservice-1,container_spec_cpu_quota,220000.0
1718652000,observe.shippingservice-0,container_spec_cpu_quota,220000.0
1718652000,observe.recommendationservice-2,container_spec_cpu_quota,220000.0
1718652000,observe.checkoutservice-0,container_spec_cpu_quota,220000.0
1718652000,observe.cartservice-1,container_spec_cpu_quota,230000.0
1718652000,observe.currencyservice-2,container_spec_cpu_quota,220000.0
1718652000,observe.productcatalogservice-1,container_spec_cpu_quota,220000.0
1718652000,observe.productcatalogservice-2,container_spec_cpu_quota,220000.0
1718652000,observe.currencyservice-1,container_spec_cpu_quota,220000.0
1718652000,observe.cartservice-2,container_spec_cpu_quota,230000.0
1718652000,observe.productcatalogservice-0,container_spec_cpu_quota,220000.0
1718652000,observe.shippingservice-2,container_spec_cpu_quota,220000.0
1718652000,observe.checkoutservice-2,container_spec_cpu_quota,220000.0
1718652000,observe.recommendationservice-1,container_spec_cpu_quota,220000.0
1718652000,observe.frontend-1,container_spec_cpu_quota,220000.0
1718652000,observe.recommendationservice-0,container_spec_cpu_quota,220000.0
1718652000,observe.frontend-2,container_spec_cpu_quota,220000.0
1718652000,observe.cartservice-0,container_spec_cpu_quota,230000.0
1718652000,observe.currencyservice-0,container_spec_cpu_quota,220000.0
1718652000,observe.checkoutservice-1,container_spec_cpu_quota,220000.0
1718652000,observe.paymentservice-2,container_spec_cpu_quota,220000.0
1718652000,observe.shippingservice-1,container_spec_cpu_quota,220000.0
1718652000,observe.frontend-0,container_spec_cpu_quota,220000.0
1718652000,observe.emailservice-0,container_spec_cpu_quota,220000.0
1718652000,observe.paymentservice-0,container_spec_cpu_quota,220000.0
1718652000,observe.emailservice-2,container_spec_cpu_quota,220000.0
1718652000,observe.emailservice-1,container_spec_cpu_quota,220000.0
1718652000,observe.paymentservice-1,container_spec_cpu_quota,220000.0
