timestamp,cmdb_id,kpi_name,value
1718651400,observe.currencyservice-2,container_memory_rss,65798144.0
1718651400,observe.frontend-0,container_memory_rss,61517824.0
1718651400,observe.checkoutservice-2,container_memory_rss,50925568.0
1718651400,observe.emailservice-0,container_memory_rss,44724224.0
1718651400,observe.frontend-1,container_memory_rss,61485056.0
1718651400,observe.paymentservice-2,container_memory_rss,61689856.0
1718651400,observe.currencyservice-1,container_memory_rss,65703936.0
1718651400,observe.frontend-2,container_memory_rss,62959616.0
1718651400,observe.shippingservice-0,container_memory_rss,44269568.0
1718651400,observe.cartservice-0,container_memory_rss,64749568.0
1718651400,observe.shippingservice-2,container_memory_rss,44339200.0
1718651400,observe.shippingservice-1,container_memory_rss,43507712.0
1718651400,observe.productcatalogservice-1,container_memory_rss,51998720.0
1718651400,observe.recommendationservice-2,container_memory_rss,43741184.0
1718651400,observe.emailservice-1,container_memory_rss,43634688.0
1718651400,observe.cartservice-1,container_memory_rss,64339968.0
1718651400,observe.checkoutservice-1,container_memory_rss,49020928.0
1718651400,observe.paymentservice-0,container_memory_rss,63184896.0
1718651400,observe.emailservice-2,container_memory_rss,42643456.0
1718651400,observe.productcatalogservice-0,container_memory_rss,52428800.0
1718651400,observe.recommendationservice-1,container_memory_rss,65118208.0
1718651400,observe.paymentservice-1,container_memory_rss,63336448.0
1718651400,observe.recommendationservice-0,container_memory_rss,64593920.0
1718651400,observe.productcatalogservice-2,container_memory_rss,51994624.0
1718651400,observe.currencyservice-0,container_memory_rss,67297280.0
1718651400,observe.cartservice-2,container_memory_rss,67272704.0
1718651400,observe.checkoutservice-0,container_memory_rss,48513024.0
1718651460,observe.paymentservice-0,container_memory_rss,62935040.0
1718651460,observe.frontend-0,container_memory_rss,61530112.0
1718651460,observe.emailservice-2,container_memory_rss,42643456.0
1718651460,observe.checkoutservice-1,container_memory_rss,49020928.0
1718651460,observe.productcatalogservice-2,container_memory_rss,51994624.0
1718651460,observe.currencyservice-1,container_memory_rss,65937408.0
1718651460,observe.paymentservice-2,container_memory_rss,61149184.0
1718651460,observe.cartservice-1,container_memory_rss,64339968.0
1718651460,observe.cartservice-0,container_memory_rss,64786432.0
1718651460,observe.recommendationservice-0,container_memory_rss,64593920.0
1718651460,observe.productcatalogservice-0,container_memory_rss,52428800.0
1718651460,observe.emailservice-1,container_memory_rss,43634688.0
1718651460,observe.currencyservice-0,container_memory_rss,67297280.0
1718651460,observe.shippingservice-2,container_memory_rss,44363776.0
1718651460,observe.checkoutservice-2,container_memory_rss,50925568.0
1718651460,observe.recommendationservice-2,container_memory_rss,43741184.0
1718651460,observe.productcatalogservice-1,container_memory_rss,51998720.0
1718651460,observe.shippingservice-1,container_memory_rss,43532288.0
1718651460,observe.frontend-2,container_memory_rss,62644224.0
1718651460,observe.recommendationservice-1,container_memory_rss,65118208.0
1718651460,observe.paymentservice-1,container_memory_rss,62599168.0
1718651460,observe.cartservice-2,container_memory_rss,67268608.0
1718651460,observe.frontend-1,container_memory_rss,61419520.0
1718651460,observe.emailservice-0,container_memory_rss,44724224.0
1718651460,observe.currencyservice-2,container_memory_rss,65798144.0
1718651460,observe.checkoutservice-0,container_memory_rss,48513024.0
1718651460,observe.shippingservice-0,container_memory_rss,44105728.0
1718651520,observe.currencyservice-0,container_memory_rss,66793472.0
1718651520,observe.recommendationservice-0,container_memory_rss,63959040.0
1718651520,observe.paymentservice-1,container_memory_rss,62709760.0
1718651520,observe.frontend-0,container_memory_rss,61530112.0
1718651520,observe.productcatalogservice-2,container_memory_rss,51916800.0
1718651520,observe.recommendationservice-1,container_memory_rss,65118208.0
1718651520,observe.productcatalogservice-0,container_memory_rss,53018624.0
1718651520,observe.checkoutservice-0,container_memory_rss,49070080.0
1718651520,observe.cartservice-2,container_memory_rss,67268608.0
1718651520,observe.currencyservice-2,container_memory_rss,65208320.0
1718651520,observe.paymentservice-0,container_memory_rss,62451712.0
1718651520,observe.cartservice-1,container_memory_rss,64339968.0
1718651520,observe.shippingservice-0,container_memory_rss,44732416.0
1718651520,observe.paymentservice-2,container_memory_rss,61149184.0
1718651520,observe.recommendationservice-2,container_memory_rss,43741184.0
1718651520,observe.emailservice-0,container_memory_rss,44724224.0
1718651520,observe.checkoutservice-2,container_memory_rss,50397184.0
1718651520,observe.checkoutservice-1,container_memory_rss,49020928.0
1718651520,observe.cartservice-0,container_memory_rss,64729088.0
1718651520,observe.productcatalogservice-1,container_memory_rss,52310016.0
1718651520,observe.frontend-1,container_memory_rss,61349888.0
1718651520,observe.emailservice-2,container_memory_rss,42643456.0
1718651520,observe.currencyservice-1,container_memory_rss,66543616.0
1718651520,observe.shippingservice-1,container_memory_rss,43958272.0
1718651520,observe.shippingservice-2,container_memory_rss,44363776.0
1718651520,observe.emailservice-1,container_memory_rss,43274240.0
1718651520,observe.frontend-2,container_memory_rss,63037440.0
1718651580,observe.frontend-2,container_memory_rss,63299584.0
1718651580,observe.cartservice-2,container_memory_rss,67231744.0
1718651580,observe.cartservice-0,container_memory_rss,64729088.0
1718651580,observe.checkoutservice-1,container_memory_rss,49086464.0
1718651580,observe.currencyservice-0,container_memory_rss,66138112.0
1718651580,observe.emailservice-2,container_memory_rss,42643456.0
1718651580,observe.paymentservice-0,container_memory_rss,62492672.0
1718651580,observe.shippingservice-2,container_memory_rss,44449792.0
1718651580,observe.recommendationservice-2,container_memory_rss,43741184.0
1718651580,observe.shippingservice-0,container_memory_rss,44732416.0
1718651580,observe.productcatalogservice-0,container_memory_rss,52400128.0
1718651580,observe.checkoutservice-2,container_memory_rss,50458624.0
1718651580,observe.emailservice-0,container_memory_rss,44724224.0
1718651580,observe.paymentservice-2,container_memory_rss,61431808.0
1718651580,observe.currencyservice-1,container_memory_rss,66543616.0
1718651580,observe.frontend-1,container_memory_rss,61071360.0
1718651580,observe.emailservice-1,container_memory_rss,43274240.0
1718651580,observe.cartservice-1,container_memory_rss,65916928.0
1718651580,observe.frontend-0,container_memory_rss,60862464.0
1718651580,observe.productcatalogservice-1,container_memory_rss,52310016.0
1718651580,observe.shippingservice-1,container_memory_rss,43888640.0
1718651580,observe.paymentservice-1,container_memory_rss,62709760.0
1718651580,observe.currencyservice-2,container_memory_rss,65032192.0
1718651580,observe.recommendationservice-1,container_memory_rss,65118208.0
1718651580,observe.recommendationservice-0,container_memory_rss,63959040.0
1718651580,observe.productcatalogservice-2,container_memory_rss,52076544.0
1718651580,observe.checkoutservice-0,container_memory_rss,49094656.0
1718651640,observe.recommendationservice-1,container_memory_rss,65118208.0
1718651640,observe.shippingservice-1,container_memory_rss,43560960.0
1718651640,observe.frontend-1,container_memory_rss,61349888.0
1718651640,observe.cartservice-2,container_memory_rss,67264512.0
1718651640,observe.paymentservice-1,container_memory_rss,63148032.0
1718651640,observe.currencyservice-2,container_memory_rss,65458176.0
1718651640,observe.frontend-2,container_memory_rss,63299584.0
1718651640,observe.recommendationservice-2,container_memory_rss,43741184.0
1718651640,observe.productcatalogservice-1,container_memory_rss,52428800.0
1718651640,observe.emailservice-0,container_memory_rss,44724224.0
1718651640,observe.frontend-0,container_memory_rss,61612032.0
1718651640,observe.shippingservice-0,container_memory_rss,44363776.0
1718651640,observe.emailservice-2,container_memory_rss,42643456.0
1718651640,observe.paymentservice-0,container_memory_rss,63168512.0
1718651640,observe.currencyservice-0,container_memory_rss,66445312.0
1718651640,observe.productcatalogservice-2,container_memory_rss,52072448.0
1718651640,observe.recommendationservice-0,container_memory_rss,63967232.0
1718651640,observe.productcatalogservice-0,container_memory_rss,52715520.0
1718651640,observe.cartservice-1,container_memory_rss,65933312.0
1718651640,observe.checkoutservice-2,container_memory_rss,50458624.0
1718651640,observe.shippingservice-2,container_memory_rss,44171264.0
1718651640,observe.emailservice-1,container_memory_rss,43274240.0
1718651640,observe.checkoutservice-0,container_memory_rss,48889856.0
1718651640,observe.cartservice-0,container_memory_rss,64770048.0
1718651640,observe.currencyservice-1,container_memory_rss,65458176.0
1718651640,observe.paymentservice-2,container_memory_rss,61825024.0
1718651640,observe.checkoutservice-1,container_memory_rss,49086464.0
1718651700,observe.currencyservice-0,container_memory_rss,66441216.0
1718651700,observe.frontend-0,container_memory_rss,62148608.0
1718651700,observe.paymentservice-1,container_memory_rss,63320064.0
1718651700,observe.productcatalogservice-2,container_memory_rss,52670464.0
1718651700,observe.checkoutservice-1,container_memory_rss,49098752.0
1718651700,observe.emailservice-1,container_memory_rss,43266048.0
1718651700,observe.productcatalogservice-0,container_memory_rss,53252096.0
1718651700,observe.cartservice-2,container_memory_rss,67264512.0
1718651700,observe.frontend-2,container_memory_rss,63356928.0
1718651700,observe.productcatalogservice-1,container_memory_rss,52408320.0
1718651700,observe.shippingservice-2,container_memory_rss,43720704.0
1718651700,observe.frontend-1,container_memory_rss,61759488.0
1718651700,observe.paymentservice-2,container_memory_rss,61911040.0
1718651700,observe.checkoutservice-0,container_memory_rss,48947200.0
1718651700,observe.currencyservice-1,container_memory_rss,65458176.0
1718651700,observe.cartservice-1,container_memory_rss,36864.0
1718651700,observe.emailservice-0,container_memory_rss,44724224.0
1718651700,observe.recommendationservice-0,container_memory_rss,63967232.0
1718651700,observe.paymentservice-0,container_memory_rss,62775296.0
1718651700,observe.currencyservice-2,container_memory_rss,67612672.0
1718651700,observe.shippingservice-1,container_memory_rss,43290624.0
1718651700,observe.recommendationservice-2,container_memory_rss,43741184.0
1718651700,observe.checkoutservice-2,container_memory_rss,50491392.0
1718651700,observe.shippingservice-0,container_memory_rss,44363776.0
1718651700,observe.emailservice-2,container_memory_rss,42643456.0
1718651700,observe.cartservice-0,container_memory_rss,36864.0
1718651700,observe.recommendationservice-1,container_memory_rss,65118208.0
1718651760,observe.cartservice-0,container_memory_rss,66678784.0
1718651760,observe.checkoutservice-1,container_memory_rss,49344512.0
1718651760,observe.checkoutservice-0,container_memory_rss,48762880.0
1718651760,observe.shippingservice-1,container_memory_rss,43290624.0
1718651760,observe.currencyservice-0,container_memory_rss,68796416.0
1718651760,observe.frontend-1,container_memory_rss,62070784.0
1718651760,observe.productcatalogservice-0,container_memory_rss,53252096.0
1718651760,observe.frontend-0,container_memory_rss,61566976.0
1718651760,observe.emailservice-2,container_memory_rss,42643456.0
1718651760,observe.paymentservice-0,container_memory_rss,62775296.0
1718651760,observe.shippingservice-2,container_memory_rss,43720704.0
1718651760,observe.paymentservice-2,container_memory_rss,61591552.0
1718651760,observe.checkoutservice-2,container_memory_rss,50556928.0
1718651760,observe.recommendationservice-0,container_memory_rss,63967232.0
1718651760,observe.emailservice-1,container_memory_rss,43266048.0
1718651760,observe.emailservice-0,container_memory_rss,44724224.0
1718651760,observe.frontend-2,container_memory_rss,63598592.0
1718651760,observe.recommendationservice-2,container_memory_rss,43741184.0
1718651760,observe.productcatalogservice-2,container_memory_rss,52518912.0
1718651760,observe.recommendationservice-1,container_memory_rss,65118208.0
1718651760,observe.productcatalogservice-1,container_memory_rss,52154368.0
1718651760,observe.cartservice-1,container_memory_rss,66555904.0
1718651760,observe.paymentservice-1,container_memory_rss,63320064.0
1718651760,observe.cartservice-2,container_memory_rss,36864.0
1718651760,observe.shippingservice-0,container_memory_rss,43937792.0
1718651760,observe.currencyservice-1,container_memory_rss,67436544.0
1718651760,observe.currencyservice-2,container_memory_rss,67612672.0
1718651820,observe.emailservice-2,container_memory_rss,42643456.0
1718651820,observe.cartservice-1,container_memory_rss,66555904.0
1718651820,observe.recommendationservice-0,container_memory_rss,63967232.0
1718651820,observe.checkoutservice-2,container_memory_rss,50556928.0
1718651820,observe.currencyservice-0,container_memory_rss,66244608.0
1718651820,observe.emailservice-1,container_memory_rss,43266048.0
1718651820,observe.productcatalogservice-2,container_memory_rss,52932608.0
1718651820,observe.currencyservice-1,container_memory_rss,66949120.0
1718651820,observe.paymentservice-2,container_memory_rss,61407232.0
1718651820,observe.frontend-0,container_memory_rss,61566976.0
1718651820,observe.recommendationservice-1,container_memory_rss,65118208.0
1718651820,observe.checkoutservice-0,container_memory_rss,48762880.0
1718651820,observe.paymentservice-1,container_memory_rss,62967808.0
1718651820,observe.currencyservice-2,container_memory_rss,64925696.0
1718651820,observe.shippingservice-0,container_memory_rss,43945984.0
1718651820,observe.cartservice-2,container_memory_rss,69742592.0
1718651820,observe.productcatalogservice-1,container_memory_rss,52367360.0
1718651820,observe.recommendationservice-2,container_memory_rss,44335104.0
1718651820,observe.frontend-2,container_memory_rss,63115264.0
1718651820,observe.productcatalogservice-0,container_memory_rss,52973568.0
1718651820,observe.emailservice-0,container_memory_rss,44724224.0
1718651820,observe.shippingservice-2,container_memory_rss,43720704.0
1718651820,observe.cartservice-0,container_memory_rss,65970176.0
1718651820,observe.checkoutservice-1,container_memory_rss,49344512.0
1718651820,observe.shippingservice-1,container_memory_rss,43397120.0
1718651820,observe.paymentservice-0,container_memory_rss,62459904.0
1718651820,observe.frontend-1,container_memory_rss,60903424.0
1718651880,observe.frontend-1,container_memory_rss,61227008.0
1718651880,observe.paymentservice-1,container_memory_rss,62967808.0
1718651880,observe.currencyservice-1,container_memory_rss,65773568.0
1718651880,observe.frontend-0,container_memory_rss,61571072.0
1718651880,observe.currencyservice-2,container_memory_rss,65187840.0
1718651880,observe.productcatalogservice-1,container_memory_rss,52105216.0
1718651880,observe.emailservice-0,container_memory_rss,44724224.0
1718651880,observe.recommendationservice-1,container_memory_rss,65118208.0
1718651880,observe.emailservice-1,container_memory_rss,43266048.0
1718651880,observe.checkoutservice-2,container_memory_rss,50577408.0
1718651880,observe.shippingservice-1,container_memory_rss,43397120.0
1718651880,observe.paymentservice-2,container_memory_rss,61407232.0
1718651880,observe.cartservice-1,container_memory_rss,66600960.0
1718651880,observe.frontend-2,container_memory_rss,62590976.0
1718651880,observe.productcatalogservice-0,container_memory_rss,52924416.0
1718651880,observe.checkoutservice-1,container_memory_rss,48447488.0
1718651880,observe.emailservice-2,container_memory_rss,42643456.0
1718651880,observe.currencyservice-0,container_memory_rss,66244608.0
1718651880,observe.cartservice-0,container_memory_rss,65970176.0
1718651880,observe.paymentservice-0,container_memory_rss,62672896.0
1718651880,observe.recommendationservice-2,container_memory_rss,44335104.0
1718651880,observe.recommendationservice-0,container_memory_rss,63967232.0
1718651880,observe.shippingservice-2,container_memory_rss,44404736.0
1718651880,observe.cartservice-2,container_memory_rss,65540096.0
1718651880,observe.checkoutservice-0,container_memory_rss,48762880.0
1718651880,observe.shippingservice-0,container_memory_rss,43945984.0
1718651880,observe.productcatalogservice-2,container_memory_rss,52244480.0
1718651940,observe.paymentservice-0,container_memory_rss,62672896.0
1718651940,observe.shippingservice-1,container_memory_rss,43429888.0
1718651940,observe.checkoutservice-1,container_memory_rss,48447488.0
1718651940,observe.checkoutservice-0,container_memory_rss,48766976.0
1718651940,observe.shippingservice-0,container_memory_rss,43945984.0
1718651940,observe.cartservice-2,container_memory_rss,64278528.0
1718651940,observe.frontend-1,container_memory_rss,61227008.0
1718651940,observe.recommendationservice-1,container_memory_rss,65118208.0
1718651940,observe.frontend-2,container_memory_rss,62820352.0
1718651940,observe.currencyservice-2,container_memory_rss,65417216.0
1718651940,observe.productcatalogservice-1,container_memory_rss,52387840.0
1718651940,observe.recommendationservice-2,container_memory_rss,44388352.0
1718651940,observe.cartservice-0,container_memory_rss,66252800.0
1718651940,observe.productcatalogservice-0,container_memory_rss,52850688.0
1718651940,observe.frontend-0,container_memory_rss,61030400.0
1718651940,observe.checkoutservice-2,container_memory_rss,50577408.0
1718651940,observe.shippingservice-2,container_memory_rss,44404736.0
1718651940,observe.recommendationservice-0,container_memory_rss,63967232.0
1718651940,observe.productcatalogservice-2,container_memory_rss,52363264.0
1718651940,observe.currencyservice-0,container_memory_rss,66490368.0
1718651940,observe.paymentservice-2,container_memory_rss,61583360.0
1718651940,observe.cartservice-1,container_memory_rss,65675264.0
1718651940,observe.emailservice-2,container_memory_rss,42643456.0
1718651940,observe.currencyservice-1,container_memory_rss,65773568.0
1718651940,observe.emailservice-0,container_memory_rss,44724224.0
1718651940,observe.paymentservice-1,container_memory_rss,62865408.0
1718651940,observe.emailservice-1,container_memory_rss,43266048.0
1718652000,observe.shippingservice-0,container_memory_rss,43970560.0
1718652000,observe.recommendationservice-2,container_memory_rss,43962368.0
1718652000,observe.checkoutservice-0,container_memory_rss,48771072.0
1718652000,observe.cartservice-1,container_memory_rss,65675264.0
1718652000,observe.currencyservice-2,container_memory_rss,65417216.0
1718652000,observe.productcatalogservice-1,container_memory_rss,52113408.0
1718652000,observe.productcatalogservice-2,container_memory_rss,51953664.0
1718652000,observe.currencyservice-1,container_memory_rss,66097152.0
1718652000,observe.cartservice-2,container_memory_rss,64278528.0
1718652000,observe.productcatalogservice-0,container_memory_rss,52850688.0
1718652000,observe.shippingservice-2,container_memory_rss,44445696.0
1718652000,observe.checkoutservice-2,container_memory_rss,50577408.0
1718652000,observe.recommendationservice-1,container_memory_rss,65118208.0
1718652000,observe.frontend-1,container_memory_rss,61685760.0
1718652000,observe.recommendationservice-0,container_memory_rss,63967232.0
1718652000,observe.frontend-2,container_memory_rss,63197184.0
1718652000,observe.cartservice-0,container_memory_rss,64290816.0
1718652000,observe.currencyservice-0,container_memory_rss,67055616.0
1718652000,observe.checkoutservice-1,container_memory_rss,49278976.0
1718652000,observe.paymentservice-2,container_memory_rss,61333504.0
1718652000,observe.shippingservice-1,container_memory_rss,43429888.0
1718652000,observe.frontend-0,container_memory_rss,61566976.0
1718652000,observe.emailservice-0,container_memory_rss,44724224.0
1718652000,observe.paymentservice-0,container_memory_rss,62894080.0
1718652000,observe.emailservice-2,container_memory_rss,42520576.0
1718652000,observe.emailservice-1,container_memory_rss,43266048.0
1718652000,observe.paymentservice-1,container_memory_rss,62865408.0
