timestamp,cmdb_id,kpi_name,value
1718651400,observe.currencyservice-2,container_memory_usage_bytes,77455360.0
1718651400,observe.frontend-0,container_memory_usage_bytes,76926976.0
1718651400,observe.checkoutservice-2,container_memory_usage_bytes,64585728.0
1718651400,observe.emailservice-0,container_memory_usage_bytes,63709184.0
1718651400,observe.frontend-1,container_memory_usage_bytes,72888320.0
1718651400,observe.paymentservice-2,container_memory_usage_bytes,70799360.0
1718651400,observe.currencyservice-1,container_memory_usage_bytes,84901888.0
1718651400,observe.frontend-2,container_memory_usage_bytes,75309056.0
1718651400,observe.shippingservice-0,container_memory_usage_bytes,58019840.0
1718651400,observe.cartservice-0,container_memory_usage_bytes,115593216.0
1718651400,observe.shippingservice-2,container_memory_usage_bytes,52592640.0
1718651400,observe.shippingservice-1,container_memory_usage_bytes,51806208.0
1718651400,observe.productcatalogservice-1,container_memory_usage_bytes,59707392.0
1718651400,observe.recommendationservice-2,container_memory_usage_bytes,58540032.0
1718651400,observe.emailservice-1,container_memory_usage_bytes,55562240.0
1718651400,observe.cartservice-1,container_memory_usage_bytes,96591872.0
1718651400,observe.checkoutservice-1,container_memory_usage_bytes,59092992.0
1718651400,observe.paymentservice-0,container_memory_usage_bytes,75759616.0
1718651400,observe.emailservice-2,container_memory_usage_bytes,53665792.0
1718651400,observe.productcatalogservice-0,container_memory_usage_bytes,69595136.0
1718651400,observe.recommendationservice-1,container_memory_usage_bytes,98066432.0
1718651400,observe.paymentservice-1,container_memory_usage_bytes,71786496.0
1718651400,observe.recommendationservice-0,container_memory_usage_bytes,93675520.0
1718651400,observe.productcatalogservice-2,container_memory_usage_bytes,61480960.0
1718651400,observe.currencyservice-0,container_memory_usage_bytes,79835136.0
1718651400,observe.cartservice-2,container_memory_usage_bytes,104054784.0
1718651400,observe.checkoutservice-0,container_memory_usage_bytes,63860736.0
1718651460,observe.paymentservice-0,container_memory_usage_bytes,75501568.0
1718651460,observe.frontend-0,container_memory_usage_bytes,76939264.0
1718651460,observe.emailservice-2,container_memory_usage_bytes,53665792.0
1718651460,observe.checkoutservice-1,container_memory_usage_bytes,58970112.0
1718651460,observe.productcatalogservice-2,container_memory_usage_bytes,61480960.0
1718651460,observe.currencyservice-1,container_memory_usage_bytes,85131264.0
1718651460,observe.paymentservice-2,container_memory_usage_bytes,70266880.0
1718651460,observe.cartservice-1,container_memory_usage_bytes,96591872.0
1718651460,observe.cartservice-0,container_memory_usage_bytes,115703808.0
1718651460,observe.recommendationservice-0,container_memory_usage_bytes,93675520.0
1718651460,observe.productcatalogservice-0,container_memory_usage_bytes,69595136.0
1718651460,observe.emailservice-1,container_memory_usage_bytes,55566336.0
1718651460,observe.currencyservice-0,container_memory_usage_bytes,79835136.0
1718651460,observe.shippingservice-2,container_memory_usage_bytes,52621312.0
1718651460,observe.checkoutservice-2,container_memory_usage_bytes,64585728.0
1718651460,observe.recommendationservice-2,container_memory_usage_bytes,58540032.0
1718651460,observe.productcatalogservice-1,container_memory_usage_bytes,59707392.0
1718651460,observe.shippingservice-1,container_memory_usage_bytes,51830784.0
1718651460,observe.frontend-2,container_memory_usage_bytes,75124736.0
1718651460,observe.recommendationservice-1,container_memory_usage_bytes,98066432.0
1718651460,observe.paymentservice-1,container_memory_usage_bytes,71176192.0
1718651460,observe.cartservice-2,container_memory_usage_bytes,104054784.0
1718651460,observe.frontend-1,container_memory_usage_bytes,72953856.0
1718651460,observe.emailservice-0,container_memory_usage_bytes,63709184.0
1718651460,observe.currencyservice-2,container_memory_usage_bytes,77455360.0
1718651460,observe.checkoutservice-0,container_memory_usage_bytes,63860736.0
1718651460,observe.shippingservice-0,container_memory_usage_bytes,57856000.0
1718651520,observe.currencyservice-0,container_memory_usage_bytes,79200256.0
1718651520,observe.recommendationservice-0,container_memory_usage_bytes,93040640.0
1718651520,observe.paymentservice-1,container_memory_usage_bytes,71032832.0
1718651520,observe.frontend-0,container_memory_usage_bytes,76939264.0
1718651520,observe.productcatalogservice-2,container_memory_usage_bytes,61403136.0
1718651520,observe.recommendationservice-1,container_memory_usage_bytes,98066432.0
1718651520,observe.productcatalogservice-0,container_memory_usage_bytes,70430720.0
1718651520,observe.checkoutservice-0,container_memory_usage_bytes,64421888.0
1718651520,observe.cartservice-2,container_memory_usage_bytes,104054784.0
1718651520,observe.currencyservice-2,container_memory_usage_bytes,76779520.0
1718651520,observe.paymentservice-0,container_memory_usage_bytes,75149312.0
1718651520,observe.cartservice-1,container_memory_usage_bytes,96591872.0
1718651520,observe.shippingservice-0,container_memory_usage_bytes,58486784.0
1718651520,observe.paymentservice-2,container_memory_usage_bytes,70266880.0
1718651520,observe.recommendationservice-2,container_memory_usage_bytes,58540032.0
1718651520,observe.emailservice-0,container_memory_usage_bytes,63709184.0
1718651520,observe.checkoutservice-2,container_memory_usage_bytes,64049152.0
1718651520,observe.checkoutservice-1,container_memory_usage_bytes,58970112.0
1718651520,observe.cartservice-0,container_memory_usage_bytes,115625984.0
1718651520,observe.productcatalogservice-1,container_memory_usage_bytes,60014592.0
1718651520,observe.frontend-1,container_memory_usage_bytes,72753152.0
1718651520,observe.emailservice-2,container_memory_usage_bytes,53665792.0
1718651520,observe.currencyservice-1,container_memory_usage_bytes,85741568.0
1718651520,observe.shippingservice-1,container_memory_usage_bytes,52256768.0
1718651520,observe.shippingservice-2,container_memory_usage_bytes,52621312.0
1718651520,observe.emailservice-1,container_memory_usage_bytes,55205888.0
1718651520,observe.frontend-2,container_memory_usage_bytes,75386880.0
1718651580,observe.frontend-2,container_memory_usage_bytes,75649024.0
1718651580,observe.cartservice-2,container_memory_usage_bytes,104099840.0
1718651580,observe.cartservice-0,container_memory_usage_bytes,115625984.0
1718651580,observe.checkoutservice-1,container_memory_usage_bytes,59027456.0
1718651580,observe.currencyservice-0,container_memory_usage_bytes,78557184.0
1718651580,observe.emailservice-2,container_memory_usage_bytes,53665792.0
1718651580,observe.paymentservice-0,container_memory_usage_bytes,75190272.0
1718651580,observe.shippingservice-2,container_memory_usage_bytes,52707328.0
1718651580,observe.recommendationservice-2,container_memory_usage_bytes,58540032.0
1718651580,observe.shippingservice-0,container_memory_usage_bytes,58486784.0
1718651580,observe.productcatalogservice-0,container_memory_usage_bytes,69566464.0
1718651580,observe.checkoutservice-2,container_memory_usage_bytes,64110592.0
1718651580,observe.emailservice-0,container_memory_usage_bytes,63709184.0
1718651580,observe.paymentservice-2,container_memory_usage_bytes,70672384.0
1718651580,observe.currencyservice-1,container_memory_usage_bytes,85741568.0
1718651580,observe.frontend-1,container_memory_usage_bytes,72478720.0
1718651580,observe.emailservice-1,container_memory_usage_bytes,55205888.0
1718651580,observe.cartservice-1,container_memory_usage_bytes,98172928.0
1718651580,observe.frontend-0,container_memory_usage_bytes,76263424.0
1718651580,observe.productcatalogservice-1,container_memory_usage_bytes,60014592.0
1718651580,observe.shippingservice-1,container_memory_usage_bytes,52191232.0
1718651580,observe.paymentservice-1,container_memory_usage_bytes,71032832.0
1718651580,observe.currencyservice-2,container_memory_usage_bytes,76554240.0
1718651580,observe.recommendationservice-1,container_memory_usage_bytes,98070528.0
1718651580,observe.recommendationservice-0,container_memory_usage_bytes,93040640.0
1718651580,observe.productcatalogservice-2,container_memory_usage_bytes,61562880.0
1718651580,observe.checkoutservice-0,container_memory_usage_bytes,64442368.0
1718651640,observe.recommendationservice-1,container_memory_usage_bytes,98070528.0
1718651640,observe.shippingservice-1,container_memory_usage_bytes,51859456.0
1718651640,observe.frontend-1,container_memory_usage_bytes,72753152.0
1718651640,observe.cartservice-2,container_memory_usage_bytes,104157184.0
1718651640,observe.paymentservice-1,container_memory_usage_bytes,71479296.0
1718651640,observe.currencyservice-2,container_memory_usage_bytes,77172736.0
1718651640,observe.frontend-2,container_memory_usage_bytes,75649024.0
1718651640,observe.recommendationservice-2,container_memory_usage_bytes,58540032.0
1718651640,observe.productcatalogservice-1,container_memory_usage_bytes,60133376.0
1718651640,observe.emailservice-0,container_memory_usage_bytes,63709184.0
1718651640,observe.frontend-0,container_memory_usage_bytes,77025280.0
1718651640,observe.shippingservice-0,container_memory_usage_bytes,58114048.0
1718651640,observe.emailservice-2,container_memory_usage_bytes,53665792.0
1718651640,observe.paymentservice-0,container_memory_usage_bytes,75747328.0
1718651640,observe.currencyservice-0,container_memory_usage_bytes,78856192.0
1718651640,observe.productcatalogservice-2,container_memory_usage_bytes,61558784.0
1718651640,observe.recommendationservice-0,container_memory_usage_bytes,93048832.0
1718651640,observe.productcatalogservice-0,container_memory_usage_bytes,69881856.0
1718651640,observe.cartservice-1,container_memory_usage_bytes,98209792.0
1718651640,observe.checkoutservice-2,container_memory_usage_bytes,64118784.0
1718651640,observe.shippingservice-2,container_memory_usage_bytes,52428800.0
1718651640,observe.emailservice-1,container_memory_usage_bytes,55205888.0
1718651640,observe.checkoutservice-0,container_memory_usage_bytes,64245760.0
1718651640,observe.cartservice-0,container_memory_usage_bytes,115687424.0
1718651640,observe.currencyservice-1,container_memory_usage_bytes,84783104.0
1718651640,observe.paymentservice-2,container_memory_usage_bytes,70942720.0
1718651640,observe.checkoutservice-1,container_memory_usage_bytes,59027456.0
1718651700,observe.currencyservice-0,container_memory_usage_bytes,78860288.0
1718651700,observe.frontend-0,container_memory_usage_bytes,77529088.0
1718651700,observe.paymentservice-1,container_memory_usage_bytes,71770112.0
1718651700,observe.productcatalogservice-2,container_memory_usage_bytes,62156800.0
1718651700,observe.checkoutservice-1,container_memory_usage_bytes,59039744.0
1718651700,observe.emailservice-1,container_memory_usage_bytes,55193600.0
1718651700,observe.productcatalogservice-0,container_memory_usage_bytes,70418432.0
1718651700,observe.cartservice-2,container_memory_usage_bytes,104157184.0
1718651700,observe.frontend-2,container_memory_usage_bytes,75681792.0
1718651700,observe.productcatalogservice-1,container_memory_usage_bytes,60112896.0
1718651700,observe.shippingservice-2,container_memory_usage_bytes,51965952.0
1718651700,observe.frontend-1,container_memory_usage_bytes,73138176.0
1718651700,observe.paymentservice-2,container_memory_usage_bytes,71028736.0
1718651700,observe.checkoutservice-0,container_memory_usage_bytes,64286720.0
1718651700,observe.currencyservice-1,container_memory_usage_bytes,84783104.0
1718651700,observe.cartservice-1,container_memory_usage_bytes,12496896.0
1718651700,observe.emailservice-0,container_memory_usage_bytes,63705088.0
1718651700,observe.recommendationservice-0,container_memory_usage_bytes,93048832.0
1718651700,observe.paymentservice-0,container_memory_usage_bytes,75476992.0
1718651700,observe.currencyservice-2,container_memory_usage_bytes,79511552.0
1718651700,observe.shippingservice-1,container_memory_usage_bytes,51585024.0
1718651700,observe.recommendationservice-2,container_memory_usage_bytes,58540032.0
1718651700,observe.checkoutservice-2,container_memory_usage_bytes,64135168.0
1718651700,observe.shippingservice-0,container_memory_usage_bytes,58114048.0
1718651700,observe.emailservice-2,container_memory_usage_bytes,53665792.0
1718651700,observe.cartservice-0,container_memory_usage_bytes,28078080.0
1718651700,observe.recommendationservice-1,container_memory_usage_bytes,98066432.0
1718651760,observe.cartservice-0,container_memory_usage_bytes,161636352.0
1718651760,observe.checkoutservice-1,container_memory_usage_bytes,59281408.0
1718651760,observe.checkoutservice-0,container_memory_usage_bytes,64114688.0
1718651760,observe.shippingservice-1,container_memory_usage_bytes,51585024.0
1718651760,observe.currencyservice-0,container_memory_usage_bytes,81207296.0
1718651760,observe.frontend-1,container_memory_usage_bytes,73605120.0
1718651760,observe.productcatalogservice-0,container_memory_usage_bytes,70418432.0
1718651760,observe.frontend-0,container_memory_usage_bytes,76972032.0
1718651760,observe.emailservice-2,container_memory_usage_bytes,53665792.0
1718651760,observe.paymentservice-0,container_memory_usage_bytes,75476992.0
1718651760,observe.shippingservice-2,container_memory_usage_bytes,51978240.0
1718651760,observe.paymentservice-2,container_memory_usage_bytes,70709248.0
1718651760,observe.checkoutservice-2,container_memory_usage_bytes,64208896.0
1718651760,observe.recommendationservice-0,container_memory_usage_bytes,93044736.0
1718651760,observe.emailservice-1,container_memory_usage_bytes,55193600.0
1718651760,observe.emailservice-0,container_memory_usage_bytes,63705088.0
1718651760,observe.frontend-2,container_memory_usage_bytes,75935744.0
1718651760,observe.recommendationservice-2,container_memory_usage_bytes,58540032.0
1718651760,observe.productcatalogservice-2,container_memory_usage_bytes,62005248.0
1718651760,observe.recommendationservice-1,container_memory_usage_bytes,98066432.0
1718651760,observe.productcatalogservice-1,container_memory_usage_bytes,59863040.0
1718651760,observe.cartservice-1,container_memory_usage_bytes,104607744.0
1718651760,observe.paymentservice-1,container_memory_usage_bytes,71770112.0
1718651760,observe.cartservice-2,container_memory_usage_bytes,13627392.0
1718651760,observe.shippingservice-0,container_memory_usage_bytes,57683968.0
1718651760,observe.currencyservice-1,container_memory_usage_bytes,86630400.0
1718651760,observe.currencyservice-2,container_memory_usage_bytes,79511552.0
1718651820,observe.emailservice-2,container_memory_usage_bytes,53665792.0
1718651820,observe.cartservice-1,container_memory_usage_bytes,104607744.0
1718651820,observe.recommendationservice-0,container_memory_usage_bytes,93048832.0
1718651820,observe.checkoutservice-2,container_memory_usage_bytes,64208896.0
1718651820,observe.currencyservice-0,container_memory_usage_bytes,78651392.0
1718651820,observe.emailservice-1,container_memory_usage_bytes,55197696.0
1718651820,observe.productcatalogservice-2,container_memory_usage_bytes,62418944.0
1718651820,observe.currencyservice-1,container_memory_usage_bytes,86130688.0
1718651820,observe.paymentservice-2,container_memory_usage_bytes,70520832.0
1718651820,observe.frontend-0,container_memory_usage_bytes,76972032.0
1718651820,observe.recommendationservice-1,container_memory_usage_bytes,98066432.0
1718651820,observe.checkoutservice-0,container_memory_usage_bytes,64114688.0
1718651820,observe.paymentservice-1,container_memory_usage_bytes,71397376.0
1718651820,observe.currencyservice-2,container_memory_usage_bytes,76460032.0
1718651820,observe.shippingservice-0,container_memory_usage_bytes,57700352.0
1718651820,observe.cartservice-2,container_memory_usage_bytes,108756992.0
1718651820,observe.productcatalogservice-1,container_memory_usage_bytes,60076032.0
1718651820,observe.recommendationservice-2,container_memory_usage_bytes,59133952.0
1718651820,observe.frontend-2,container_memory_usage_bytes,75472896.0
1718651820,observe.productcatalogservice-0,container_memory_usage_bytes,70139904.0
1718651820,observe.emailservice-0,container_memory_usage_bytes,63709184.0
1718651820,observe.shippingservice-2,container_memory_usage_bytes,51978240.0
1718651820,observe.cartservice-0,container_memory_usage_bytes,161247232.0
1718651820,observe.checkoutservice-1,container_memory_usage_bytes,59281408.0
1718651820,observe.shippingservice-1,container_memory_usage_bytes,51691520.0
1718651820,observe.paymentservice-0,container_memory_usage_bytes,75030528.0
1718651820,observe.frontend-1,container_memory_usage_bytes,72306688.0
1718651880,observe.frontend-1,container_memory_usage_bytes,72630272.0
1718651880,observe.paymentservice-1,container_memory_usage_bytes,71397376.0
1718651880,observe.currencyservice-1,container_memory_usage_bytes,84963328.0
1718651880,observe.frontend-0,container_memory_usage_bytes,76980224.0
1718651880,observe.currencyservice-2,container_memory_usage_bytes,76865536.0
1718651880,observe.productcatalogservice-1,container_memory_usage_bytes,59809792.0
1718651880,observe.emailservice-0,container_memory_usage_bytes,63709184.0
1718651880,observe.recommendationservice-1,container_memory_usage_bytes,98197504.0
1718651880,observe.emailservice-1,container_memory_usage_bytes,55197696.0
1718651880,observe.checkoutservice-2,container_memory_usage_bytes,64233472.0
1718651880,observe.shippingservice-1,container_memory_usage_bytes,51691520.0
1718651880,observe.paymentservice-2,container_memory_usage_bytes,70520832.0
1718651880,observe.cartservice-1,container_memory_usage_bytes,105455616.0
1718651880,observe.frontend-2,container_memory_usage_bytes,74948608.0
1718651880,observe.productcatalogservice-0,container_memory_usage_bytes,70090752.0
1718651880,observe.checkoutservice-1,container_memory_usage_bytes,58388480.0
1718651880,observe.emailservice-2,container_memory_usage_bytes,53665792.0
1718651880,observe.currencyservice-0,container_memory_usage_bytes,78651392.0
1718651880,observe.cartservice-0,container_memory_usage_bytes,161247232.0
1718651880,observe.paymentservice-0,container_memory_usage_bytes,75378688.0
1718651880,observe.recommendationservice-2,container_memory_usage_bytes,59133952.0
1718651880,observe.recommendationservice-0,container_memory_usage_bytes,93048832.0
1718651880,observe.shippingservice-2,container_memory_usage_bytes,52674560.0
1718651880,observe.cartservice-2,container_memory_usage_bytes,104890368.0
1718651880,observe.checkoutservice-0,container_memory_usage_bytes,64114688.0
1718651880,observe.shippingservice-0,container_memory_usage_bytes,57696256.0
1718651880,observe.productcatalogservice-2,container_memory_usage_bytes,61730816.0
1718651940,observe.paymentservice-0,container_memory_usage_bytes,75378688.0
1718651940,observe.shippingservice-1,container_memory_usage_bytes,51728384.0
1718651940,observe.checkoutservice-1,container_memory_usage_bytes,58388480.0
1718651940,observe.checkoutservice-0,container_memory_usage_bytes,64114688.0
1718651940,observe.shippingservice-0,container_memory_usage_bytes,57696256.0
1718651940,observe.cartservice-2,container_memory_usage_bytes,102006784.0
1718651940,observe.frontend-1,container_memory_usage_bytes,72630272.0
1718651940,observe.recommendationservice-1,container_memory_usage_bytes,98066432.0
1718651940,observe.frontend-2,container_memory_usage_bytes,75177984.0
1718651940,observe.currencyservice-2,container_memory_usage_bytes,76947456.0
1718651940,observe.productcatalogservice-1,container_memory_usage_bytes,60092416.0
1718651940,observe.recommendationservice-2,container_memory_usage_bytes,59191296.0
1718651940,observe.cartservice-0,container_memory_usage_bytes,154300416.0
1718651940,observe.productcatalogservice-0,container_memory_usage_bytes,70017024.0
1718651940,observe.frontend-0,container_memory_usage_bytes,76439552.0
1718651940,observe.checkoutservice-2,container_memory_usage_bytes,64237568.0
1718651940,observe.shippingservice-2,container_memory_usage_bytes,52674560.0
1718651940,observe.recommendationservice-0,container_memory_usage_bytes,93048832.0
1718651940,observe.productcatalogservice-2,container_memory_usage_bytes,61849600.0
1718651940,observe.currencyservice-0,container_memory_usage_bytes,78897152.0
1718651940,observe.paymentservice-2,container_memory_usage_bytes,70696960.0
1718651940,observe.cartservice-1,container_memory_usage_bytes,103686144.0
1718651940,observe.emailservice-2,container_memory_usage_bytes,53665792.0
1718651940,observe.currencyservice-1,container_memory_usage_bytes,84963328.0
1718651940,observe.emailservice-0,container_memory_usage_bytes,63709184.0
1718651940,observe.paymentservice-1,container_memory_usage_bytes,71311360.0
1718651940,observe.emailservice-1,container_memory_usage_bytes,55197696.0
1718652000,observe.shippingservice-0,container_memory_usage_bytes,57720832.0
1718652000,observe.recommendationservice-2,container_memory_usage_bytes,58761216.0
1718652000,observe.checkoutservice-0,container_memory_usage_bytes,64114688.0
1718652000,observe.cartservice-1,container_memory_usage_bytes,103686144.0
1718652000,observe.currencyservice-2,container_memory_usage_bytes,76947456.0
1718652000,observe.productcatalogservice-1,container_memory_usage_bytes,59817984.0
1718652000,observe.productcatalogservice-2,container_memory_usage_bytes,61440000.0
1718652000,observe.currencyservice-1,container_memory_usage_bytes,85286912.0
1718652000,observe.cartservice-2,container_memory_usage_bytes,102006784.0
1718652000,observe.productcatalogservice-0,container_memory_usage_bytes,70017024.0
1718652000,observe.shippingservice-2,container_memory_usage_bytes,52707328.0
1718652000,observe.checkoutservice-2,container_memory_usage_bytes,64237568.0
1718652000,observe.recommendationservice-1,container_memory_usage_bytes,98066432.0
1718652000,observe.frontend-1,container_memory_usage_bytes,73089024.0
1718652000,observe.recommendationservice-0,container_memory_usage_bytes,93048832.0
1718652000,observe.frontend-2,container_memory_usage_bytes,75685888.0
1718652000,observe.cartservice-0,container_memory_usage_bytes,151285760.0
1718652000,observe.currencyservice-0,container_memory_usage_bytes,79458304.0
1718652000,observe.checkoutservice-1,container_memory_usage_bytes,59228160.0
1718652000,observe.paymentservice-2,container_memory_usage_bytes,70590464.0
1718652000,observe.shippingservice-1,container_memory_usage_bytes,51728384.0
1718652000,observe.frontend-0,container_memory_usage_bytes,76976128.0
1718652000,observe.emailservice-0,container_memory_usage_bytes,63709184.0
1718652000,observe.paymentservice-0,container_memory_usage_bytes,75472896.0
1718652000,observe.emailservice-2,container_memory_usage_bytes,53547008.0
1718652000,observe.emailservice-1,container_memory_usage_bytes,55197696.0
1718652000,observe.paymentservice-1,container_memory_usage_bytes,71311360.0
