timestamp,cmdb_id,kpi_name,value
1718651400,observe.currencyservice-2,container_cpu_cfs_periods_total,18267737.0
1718651400,observe.frontend-0,container_cpu_cfs_periods_total,14562266.0
1718651400,observe.checkoutservice-2,container_cpu_cfs_periods_total,8235145.0
1718651400,observe.emailservice-0,container_cpu_cfs_periods_total,9148158.0
1718651400,observe.frontend-1,container_cpu_cfs_periods_total,14550815.0
1718651400,observe.paymentservice-2,container_cpu_cfs_periods_total,14805996.0
1718651400,observe.currencyservice-1,container_cpu_cfs_periods_total,18243825.0
1718651400,observe.frontend-2,container_cpu_cfs_periods_total,14518559.0
1718651400,observe.shippingservice-0,container_cpu_cfs_periods_total,9066219.0
1718651400,observe.cartservice-0,container_cpu_cfs_periods_total,14089702.0
1718651400,observe.shippingservice-2,container_cpu_cfs_periods_total,9169522.0
1718651400,observe.shippingservice-1,container_cpu_cfs_periods_total,9141642.0
1718651400,observe.productcatalogservice-1,container_cpu_cfs_periods_total,15478952.0
1718651400,observe.recommendationservice-2,container_cpu_cfs_periods_total,12433567.0
1718651400,observe.emailservice-1,container_cpu_cfs_periods_total,9249268.0
1718651400,observe.cartservice-1,container_cpu_cfs_periods_total,14075919.0
1718651400,observe.checkoutservice-1,container_cpu_cfs_periods_total,8221945.0
1718651400,observe.paymentservice-0,container_cpu_cfs_periods_total,14996154.0
1718651400,observe.emailservice-2,container_cpu_cfs_periods_total,9291353.0
1718651400,observe.productcatalogservice-0,container_cpu_cfs_periods_total,15387710.0
1718651400,observe.recommendationservice-1,container_cpu_cfs_periods_total,12366310.0
1718651400,observe.paymentservice-1,container_cpu_cfs_periods_total,15086225.0
1718651400,observe.recommendationservice-0,container_cpu_cfs_periods_total,12400811.0
1718651400,observe.productcatalogservice-2,container_cpu_cfs_periods_total,15422233.0
1718651400,observe.currencyservice-0,container_cpu_cfs_periods_total,18286325.0
1718651400,observe.cartservice-2,container_cpu_cfs_periods_total,14080954.0
1718651400,observe.checkoutservice-0,container_cpu_cfs_periods_total,8296546.0
1718651460,observe.paymentservice-0,container_cpu_cfs_periods_total,14996543.0
1718651460,observe.frontend-0,container_cpu_cfs_periods_total,14562980.0
1718651460,observe.emailservice-2,container_cpu_cfs_periods_total,9291784.0
1718651460,observe.checkoutservice-1,container_cpu_cfs_periods_total,8222127.0
1718651460,observe.productcatalogservice-2,container_cpu_cfs_periods_total,15422233.0
1718651460,observe.currencyservice-1,container_cpu_cfs_periods_total,18244285.0
1718651460,observe.paymentservice-2,container_cpu_cfs_periods_total,14806753.0
1718651460,observe.cartservice-1,container_cpu_cfs_periods_total,14076597.0
1718651460,observe.cartservice-0,container_cpu_cfs_periods_total,14090380.0
1718651460,observe.recommendationservice-0,container_cpu_cfs_periods_total,12400811.0
1718651460,observe.productcatalogservice-0,container_cpu_cfs_periods_total,15387710.0
1718651460,observe.emailservice-1,container_cpu_cfs_periods_total,9249503.0
1718651460,observe.currencyservice-0,container_cpu_cfs_periods_total,18286325.0
1718651460,observe.shippingservice-2,container_cpu_cfs_periods_total,9169935.0
1718651460,observe.checkoutservice-2,container_cpu_cfs_periods_total,8235145.0
1718651460,observe.recommendationservice-2,container_cpu_cfs_periods_total,12433915.0
1718651460,observe.productcatalogservice-1,container_cpu_cfs_periods_total,15478952.0
1718651460,observe.shippingservice-1,container_cpu_cfs_periods_total,9141884.0
1718651460,observe.frontend-2,container_cpu_cfs_periods_total,14518905.0
1718651460,observe.recommendationservice-1,container_cpu_cfs_periods_total,12366905.0
1718651460,observe.paymentservice-1,container_cpu_cfs_periods_total,15086986.0
1718651460,observe.cartservice-2,container_cpu_cfs_periods_total,14081325.0
1718651460,observe.frontend-1,container_cpu_cfs_periods_total,14551177.0
1718651460,observe.emailservice-0,container_cpu_cfs_periods_total,9148365.0
1718651460,observe.currencyservice-2,container_cpu_cfs_periods_total,18267737.0
1718651460,observe.checkoutservice-0,container_cpu_cfs_periods_total,8296546.0
1718651460,observe.shippingservice-0,container_cpu_cfs_periods_total,9066645.0
1718651520,observe.currencyservice-0,container_cpu_cfs_periods_total,18286861.0
1718651520,observe.recommendationservice-0,container_cpu_cfs_periods_total,12401398.0
1718651520,observe.paymentservice-1,container_cpu_cfs_periods_total,15087359.0
1718651520,observe.frontend-0,container_cpu_cfs_periods_total,14562980.0
1718651520,observe.productcatalogservice-2,container_cpu_cfs_periods_total,15422675.0
1718651520,observe.recommendationservice-1,container_cpu_cfs_periods_total,12366905.0
1718651520,observe.productcatalogservice-0,container_cpu_cfs_periods_total,15388160.0
1718651520,observe.checkoutservice-0,container_cpu_cfs_periods_total,8296935.0
1718651520,observe.cartservice-2,container_cpu_cfs_periods_total,14081325.0
1718651520,observe.currencyservice-2,container_cpu_cfs_periods_total,18268292.0
1718651520,observe.paymentservice-0,container_cpu_cfs_periods_total,14996999.0
1718651520,observe.cartservice-1,container_cpu_cfs_periods_total,14076597.0
1718651520,observe.shippingservice-0,container_cpu_cfs_periods_total,9066876.0
1718651520,observe.paymentservice-2,container_cpu_cfs_periods_total,14806753.0
1718651520,observe.recommendationservice-2,container_cpu_cfs_periods_total,12433915.0
1718651520,observe.emailservice-0,container_cpu_cfs_periods_total,9148365.0
1718651520,observe.checkoutservice-2,container_cpu_cfs_periods_total,8235501.0
1718651520,observe.checkoutservice-1,container_cpu_cfs_periods_total,8222127.0
1718651520,observe.cartservice-0,container_cpu_cfs_periods_total,14090681.0
1718651520,observe.productcatalogservice-1,container_cpu_cfs_periods_total,15479693.0
1718651520,observe.frontend-1,container_cpu_cfs_periods_total,14551548.0
1718651520,observe.emailservice-2,container_cpu_cfs_periods_total,9291991.0
1718651520,observe.currencyservice-1,container_cpu_cfs_periods_total,18245227.0
1718651520,observe.shippingservice-1,container_cpu_cfs_periods_total,9142111.0
1718651520,observe.shippingservice-2,container_cpu_cfs_periods_total,9169935.0
1718651520,observe.emailservice-1,container_cpu_cfs_periods_total,9249737.0
1718651520,observe.frontend-2,container_cpu_cfs_periods_total,14519239.0
1718651580,observe.frontend-2,container_cpu_cfs_periods_total,14519605.0
1718651580,observe.cartservice-2,container_cpu_cfs_periods_total,14081697.0
1718651580,observe.cartservice-0,container_cpu_cfs_periods_total,14090681.0
1718651580,observe.checkoutservice-1,container_cpu_cfs_periods_total,8222513.0
1718651580,observe.currencyservice-0,container_cpu_cfs_periods_total,18287323.0
1718651580,observe.emailservice-2,container_cpu_cfs_periods_total,9291991.0
1718651580,observe.paymentservice-0,container_cpu_cfs_periods_total,14997383.0
1718651580,observe.shippingservice-2,container_cpu_cfs_periods_total,9170191.0
1718651580,observe.recommendationservice-2,container_cpu_cfs_periods_total,12434480.0
1718651580,observe.shippingservice-0,container_cpu_cfs_periods_total,9066876.0
1718651580,observe.productcatalogservice-0,container_cpu_cfs_periods_total,15388843.0
1718651580,observe.checkoutservice-2,container_cpu_cfs_periods_total,8235699.0
1718651580,observe.emailservice-0,container_cpu_cfs_periods_total,9148619.0
1718651580,observe.paymentservice-2,container_cpu_cfs_periods_total,14807154.0
1718651580,observe.currencyservice-1,container_cpu_cfs_periods_total,18245227.0
1718651580,observe.frontend-1,container_cpu_cfs_periods_total,14551925.0
1718651580,observe.emailservice-1,container_cpu_cfs_periods_total,9249737.0
1718651580,observe.cartservice-1,container_cpu_cfs_periods_total,14077011.0
1718651580,observe.frontend-0,container_cpu_cfs_periods_total,14563405.0
1718651580,observe.productcatalogservice-1,container_cpu_cfs_periods_total,15479693.0
1718651580,observe.shippingservice-1,container_cpu_cfs_periods_total,9142512.0
1718651580,observe.paymentservice-1,container_cpu_cfs_periods_total,15087359.0
1718651580,observe.currencyservice-2,container_cpu_cfs_periods_total,18269165.0
1718651580,observe.recommendationservice-1,container_cpu_cfs_periods_total,12367497.0
1718651580,observe.recommendationservice-0,container_cpu_cfs_periods_total,12401701.0
1718651580,observe.productcatalogservice-2,container_cpu_cfs_periods_total,15423063.0
1718651580,observe.checkoutservice-0,container_cpu_cfs_periods_total,8297108.0
1718651640,observe.recommendationservice-1,container_cpu_cfs_periods_total,12367497.0
1718651640,observe.shippingservice-1,container_cpu_cfs_periods_total,9142764.0
1718651640,observe.frontend-1,container_cpu_cfs_periods_total,14552247.0
1718651640,observe.cartservice-2,container_cpu_cfs_periods_total,14082365.0
1718651640,observe.paymentservice-1,container_cpu_cfs_periods_total,15087814.0
1718651640,observe.currencyservice-2,container_cpu_cfs_periods_total,18269648.0
1718651640,observe.frontend-2,container_cpu_cfs_periods_total,14519605.0
1718651640,observe.recommendationservice-2,container_cpu_cfs_periods_total,12434804.0
1718651640,observe.productcatalogservice-1,container_cpu_cfs_periods_total,15480150.0
1718651640,observe.emailservice-0,container_cpu_cfs_periods_total,9148847.0
1718651640,observe.frontend-0,container_cpu_cfs_periods_total,14564074.0
1718651640,observe.shippingservice-0,container_cpu_cfs_periods_total,9067307.0
1718651640,observe.emailservice-2,container_cpu_cfs_periods_total,9292254.0
1718651640,observe.paymentservice-0,container_cpu_cfs_periods_total,14998157.0
1718651640,observe.currencyservice-0,container_cpu_cfs_periods_total,18287803.0
1718651640,observe.productcatalogservice-2,container_cpu_cfs_periods_total,15423470.0
1718651640,observe.recommendationservice-0,container_cpu_cfs_periods_total,12402022.0
1718651640,observe.productcatalogservice-0,container_cpu_cfs_periods_total,15389221.0
1718651640,observe.cartservice-1,container_cpu_cfs_periods_total,14077372.0
1718651640,observe.checkoutservice-2,container_cpu_cfs_periods_total,8235868.0
1718651640,observe.shippingservice-2,container_cpu_cfs_periods_total,9170413.0
1718651640,observe.emailservice-1,container_cpu_cfs_periods_total,9249987.0
1718651640,observe.checkoutservice-0,container_cpu_cfs_periods_total,8297297.0
1718651640,observe.cartservice-0,container_cpu_cfs_periods_total,14091073.0
1718651640,observe.currencyservice-1,container_cpu_cfs_periods_total,18246171.0
1718651640,observe.paymentservice-2,container_cpu_cfs_periods_total,14807573.0
1718651640,observe.checkoutservice-1,container_cpu_cfs_periods_total,8222513.0
1718651700,observe.currencyservice-0,container_cpu_cfs_periods_total,18288304.0
1718651700,observe.frontend-0,container_cpu_cfs_periods_total,14564610.0
1718651700,observe.paymentservice-1,container_cpu_cfs_periods_total,15088571.0
1718651700,observe.productcatalogservice-2,container_cpu_cfs_periods_total,15423834.0
1718651700,observe.checkoutservice-1,container_cpu_cfs_periods_total,8222752.0
1718651700,observe.emailservice-1,container_cpu_cfs_periods_total,9250365.0
1718651700,observe.productcatalogservice-0,container_cpu_cfs_periods_total,15389731.0
1718651700,observe.cartservice-2,container_cpu_cfs_periods_total,14082365.0
1718651700,observe.frontend-2,container_cpu_cfs_periods_total,14520014.0
1718651700,observe.productcatalogservice-1,container_cpu_cfs_periods_total,15480514.0
1718651700,observe.shippingservice-2,container_cpu_cfs_periods_total,9170807.0
1718651700,observe.frontend-1,container_cpu_cfs_periods_total,14553127.0
1718651700,observe.paymentservice-2,container_cpu_cfs_periods_total,14807956.0
1718651700,observe.checkoutservice-0,container_cpu_cfs_periods_total,8297539.0
1718651700,observe.currencyservice-1,container_cpu_cfs_periods_total,18246171.0
1718651700,observe.cartservice-1,container_cpu_cfs_periods_total,14077754.0
1718651700,observe.emailservice-0,container_cpu_cfs_periods_total,9149210.0
1718651700,observe.recommendationservice-0,container_cpu_cfs_periods_total,12402022.0
1718651700,observe.paymentservice-0,container_cpu_cfs_periods_total,14998568.0
1718651700,observe.currencyservice-2,container_cpu_cfs_periods_total,18270234.0
1718651700,observe.shippingservice-1,container_cpu_cfs_periods_total,9142936.0
1718651700,observe.recommendationservice-2,container_cpu_cfs_periods_total,12434804.0
1718651700,observe.checkoutservice-2,container_cpu_cfs_periods_total,8236091.0
1718651700,observe.shippingservice-0,container_cpu_cfs_periods_total,9067307.0
1718651700,observe.emailservice-2,container_cpu_cfs_periods_total,9292659.0
1718651700,observe.cartservice-0,container_cpu_cfs_periods_total,14091462.0
1718651700,observe.recommendationservice-1,container_cpu_cfs_periods_total,12368039.0
1718651760,observe.cartservice-0,container_cpu_cfs_periods_total,14091858.0
1718651760,observe.checkoutservice-1,container_cpu_cfs_periods_total,8223132.0
1718651760,observe.checkoutservice-0,container_cpu_cfs_periods_total,8297727.0
1718651760,observe.shippingservice-1,container_cpu_cfs_periods_total,9142936.0
1718651760,observe.currencyservice-0,container_cpu_cfs_periods_total,18288830.0
1718651760,observe.frontend-1,container_cpu_cfs_periods_total,14553510.0
1718651760,observe.productcatalogservice-0,container_cpu_cfs_periods_total,15389731.0
1718651760,observe.frontend-0,container_cpu_cfs_periods_total,14564983.0
1718651760,observe.emailservice-2,container_cpu_cfs_periods_total,9292659.0
1718651760,observe.paymentservice-0,container_cpu_cfs_periods_total,14998568.0
1718651760,observe.shippingservice-2,container_cpu_cfs_periods_total,9171005.0
1718651760,observe.paymentservice-2,container_cpu_cfs_periods_total,14808394.0
1718651760,observe.checkoutservice-2,container_cpu_cfs_periods_total,8236286.0
1718651760,observe.recommendationservice-0,container_cpu_cfs_periods_total,12402288.0
1718651760,observe.emailservice-1,container_cpu_cfs_periods_total,9250365.0
1718651760,observe.emailservice-0,container_cpu_cfs_periods_total,9149210.0
1718651760,observe.frontend-2,container_cpu_cfs_periods_total,14520570.0
1718651760,observe.recommendationservice-2,container_cpu_cfs_periods_total,12435341.0
1718651760,observe.productcatalogservice-2,container_cpu_cfs_periods_total,15424332.0
1718651760,observe.recommendationservice-1,container_cpu_cfs_periods_total,12368039.0
1718651760,observe.productcatalogservice-1,container_cpu_cfs_periods_total,15481024.0
1718651760,observe.cartservice-1,container_cpu_cfs_periods_total,14078011.0
1718651760,observe.paymentservice-1,container_cpu_cfs_periods_total,15088571.0
1718651760,observe.cartservice-2,container_cpu_cfs_periods_total,14082442.0
1718651760,observe.shippingservice-0,container_cpu_cfs_periods_total,9067508.0
1718651760,observe.currencyservice-1,container_cpu_cfs_periods_total,18246775.0
1718651760,observe.currencyservice-2,container_cpu_cfs_periods_total,18270234.0
1718651820,observe.emailservice-2,container_cpu_cfs_periods_total,9292888.0
1718651820,observe.cartservice-1,container_cpu_cfs_periods_total,14078011.0
1718651820,observe.recommendationservice-0,container_cpu_cfs_periods_total,12402632.0
1718651820,observe.checkoutservice-2,container_cpu_cfs_periods_total,8236286.0
1718651820,observe.currencyservice-0,container_cpu_cfs_periods_total,18289715.0
1718651820,observe.emailservice-1,container_cpu_cfs_periods_total,9250643.0
1718651820,observe.productcatalogservice-2,container_cpu_cfs_periods_total,15424721.0
1718651820,observe.currencyservice-1,container_cpu_cfs_periods_total,18247236.0
1718651820,observe.paymentservice-2,container_cpu_cfs_periods_total,14809162.0
1718651820,observe.frontend-0,container_cpu_cfs_periods_total,14564983.0
1718651820,observe.recommendationservice-1,container_cpu_cfs_periods_total,12368390.0
1718651820,observe.checkoutservice-0,container_cpu_cfs_periods_total,8297727.0
1718651820,observe.paymentservice-1,container_cpu_cfs_periods_total,15089355.0
1718651820,observe.currencyservice-2,container_cpu_cfs_periods_total,18271152.0
1718651820,observe.shippingservice-0,container_cpu_cfs_periods_total,9067930.0
1718651820,observe.cartservice-2,container_cpu_cfs_periods_total,14082865.0
1718651820,observe.productcatalogservice-1,container_cpu_cfs_periods_total,15481383.0
1718651820,observe.recommendationservice-2,container_cpu_cfs_periods_total,12435661.0
1718651820,observe.frontend-2,container_cpu_cfs_periods_total,14520941.0
1718651820,observe.productcatalogservice-0,container_cpu_cfs_periods_total,15390164.0
1718651820,observe.emailservice-0,container_cpu_cfs_periods_total,9149462.0
1718651820,observe.shippingservice-2,container_cpu_cfs_periods_total,9171005.0
1718651820,observe.cartservice-0,container_cpu_cfs_periods_total,14092246.0
1718651820,observe.checkoutservice-1,container_cpu_cfs_periods_total,8223132.0
1718651820,observe.shippingservice-1,container_cpu_cfs_periods_total,9143404.0
1718651820,observe.paymentservice-0,container_cpu_cfs_periods_total,14999427.0
1718651820,observe.frontend-1,container_cpu_cfs_periods_total,14553885.0
1718651880,observe.frontend-1,container_cpu_cfs_periods_total,14554259.0
1718651880,observe.paymentservice-1,container_cpu_cfs_periods_total,15089355.0
1718651880,observe.currencyservice-1,container_cpu_cfs_periods_total,18248150.0
1718651880,observe.frontend-0,container_cpu_cfs_periods_total,14565376.0
1718651880,observe.currencyservice-2,container_cpu_cfs_periods_total,18271677.0
1718651880,observe.productcatalogservice-1,container_cpu_cfs_periods_total,15481797.0
1718651880,observe.emailservice-0,container_cpu_cfs_periods_total,9149870.0
1718651880,observe.recommendationservice-1,container_cpu_cfs_periods_total,12368684.0
1718651880,observe.emailservice-1,container_cpu_cfs_periods_total,9251069.0
1718651880,observe.checkoutservice-2,container_cpu_cfs_periods_total,8236675.0
1718651880,observe.shippingservice-1,container_cpu_cfs_periods_total,9143404.0
1718651880,observe.paymentservice-2,container_cpu_cfs_periods_total,14809162.0
1718651880,observe.cartservice-1,container_cpu_cfs_periods_total,14078743.0
1718651880,observe.frontend-2,container_cpu_cfs_periods_total,14521324.0
1718651880,observe.productcatalogservice-0,container_cpu_cfs_periods_total,15390564.0
1718651880,observe.checkoutservice-1,container_cpu_cfs_periods_total,8223522.0
1718651880,observe.emailservice-2,container_cpu_cfs_periods_total,9293120.0
1718651880,observe.currencyservice-0,container_cpu_cfs_periods_total,18289715.0
1718651880,observe.cartservice-0,container_cpu_cfs_periods_total,14092246.0
1718651880,observe.paymentservice-0,container_cpu_cfs_periods_total,14999839.0
1718651880,observe.recommendationservice-2,container_cpu_cfs_periods_total,12435661.0
1718651880,observe.recommendationservice-0,container_cpu_cfs_periods_total,12402928.0
1718651880,observe.shippingservice-2,container_cpu_cfs_periods_total,9171471.0
1718651880,observe.cartservice-2,container_cpu_cfs_periods_total,14083179.0
1718651880,observe.checkoutservice-0,container_cpu_cfs_periods_total,8298112.0
1718651880,observe.shippingservice-0,container_cpu_cfs_periods_total,9068166.0
1718651880,observe.productcatalogservice-2,container_cpu_cfs_periods_total,15425131.0
1718651940,observe.paymentservice-0,container_cpu_cfs_periods_total,14999839.0
1718651940,observe.shippingservice-1,container_cpu_cfs_periods_total,9143835.0
1718651940,observe.checkoutservice-1,container_cpu_cfs_periods_total,8223522.0
1718651940,observe.checkoutservice-0,container_cpu_cfs_periods_total,8298319.0
1718651940,observe.shippingservice-0,container_cpu_cfs_periods_total,9068166.0
1718651940,observe.cartservice-2,container_cpu_cfs_periods_total,14083831.0
1718651940,observe.frontend-1,container_cpu_cfs_periods_total,14554259.0
1718651940,observe.recommendationservice-1,container_cpu_cfs_periods_total,12369287.0
1718651940,observe.frontend-2,container_cpu_cfs_periods_total,14521669.0
1718651940,observe.currencyservice-2,container_cpu_cfs_periods_total,18272157.0
1718651940,observe.productcatalogservice-1,container_cpu_cfs_periods_total,15482165.0
1718651940,observe.recommendationservice-2,container_cpu_cfs_periods_total,12435967.0
1718651940,observe.cartservice-0,container_cpu_cfs_periods_total,14092905.0
1718651940,observe.productcatalogservice-0,container_cpu_cfs_periods_total,15391279.0
1718651940,observe.frontend-0,container_cpu_cfs_periods_total,14565766.0
1718651940,observe.checkoutservice-2,container_cpu_cfs_periods_total,8236868.0
1718651940,observe.shippingservice-2,container_cpu_cfs_periods_total,9171471.0
1718651940,observe.recommendationservice-0,container_cpu_cfs_periods_total,12403474.0
1718651940,observe.productcatalogservice-2,container_cpu_cfs_periods_total,15425530.0
1718651940,observe.currencyservice-0,container_cpu_cfs_periods_total,18290738.0
1718651940,observe.paymentservice-2,container_cpu_cfs_periods_total,14809936.0
1718651940,observe.cartservice-1,container_cpu_cfs_periods_total,14079076.0
1718651940,observe.emailservice-2,container_cpu_cfs_periods_total,9293508.0
1718651940,observe.currencyservice-1,container_cpu_cfs_periods_total,18248150.0
1718651940,observe.emailservice-0,container_cpu_cfs_periods_total,9149870.0
1718651940,observe.paymentservice-1,container_cpu_cfs_periods_total,15090099.0
1718651940,observe.emailservice-1,container_cpu_cfs_periods_total,9251282.0
1718652000,observe.shippingservice-0,container_cpu_cfs_periods_total,9068411.0
1718652000,observe.recommendationservice-2,container_cpu_cfs_periods_total,12436279.0
1718652000,observe.checkoutservice-0,container_cpu_cfs_periods_total,8298537.0
1718652000,observe.cartservice-1,container_cpu_cfs_periods_total,14079076.0
1718652000,observe.currencyservice-2,container_cpu_cfs_periods_total,18272157.0
1718652000,observe.productcatalogservice-1,container_cpu_cfs_periods_total,15482616.0
1718652000,observe.productcatalogservice-2,container_cpu_cfs_periods_total,15425932.0
1718652000,observe.currencyservice-1,container_cpu_cfs_periods_total,18249152.0
1718652000,observe.cartservice-2,container_cpu_cfs_periods_total,14083831.0
1718652000,observe.productcatalogservice-0,container_cpu_cfs_periods_total,15391279.0
1718652000,observe.shippingservice-2,container_cpu_cfs_periods_total,9171733.0
1718652000,observe.checkoutservice-2,container_cpu_cfs_periods_total,8236868.0
1718652000,observe.recommendationservice-1,container_cpu_cfs_periods_total,12369287.0
1718652000,observe.frontend-1,container_cpu_cfs_periods_total,14554661.0
1718652000,observe.recommendationservice-0,container_cpu_cfs_periods_total,12403474.0
1718652000,observe.frontend-2,container_cpu_cfs_periods_total,14522341.0
1718652000,observe.cartservice-0,container_cpu_cfs_periods_total,14093268.0
1718652000,observe.currencyservice-0,container_cpu_cfs_periods_total,18291171.0
1718652000,observe.checkoutservice-1,container_cpu_cfs_periods_total,8223940.0
1718652000,observe.paymentservice-2,container_cpu_cfs_periods_total,14810359.0
1718652000,observe.shippingservice-1,container_cpu_cfs_periods_total,9143835.0
1718652000,observe.frontend-0,container_cpu_cfs_periods_total,14566105.0
1718652000,observe.emailservice-0,container_cpu_cfs_periods_total,9150101.0
1718652000,observe.paymentservice-0,container_cpu_cfs_periods_total,15000250.0
1718652000,observe.emailservice-2,container_cpu_cfs_periods_total,9293761.0
1718652000,observe.emailservice-1,container_cpu_cfs_periods_total,9251282.0
1718652000,observe.paymentservice-1,container_cpu_cfs_periods_total,15090099.0
