timestamp,cmdb_id,kpi_name,value
1718651400,observe.currencyservice-2,container_memory_cache,4341760.0
1718651400,observe.frontend-0,container_memory_cache,8642560.0
1718651400,observe.checkoutservice-2,container_memory_cache,7737344.0
1718651400,observe.emailservice-0,container_memory_cache,5017600.0
1718651400,observe.frontend-1,container_memory_cache,6291456.0
1718651400,observe.paymentservice-2,container_memory_cache,1273856.0
1718651400,observe.currencyservice-1,container_memory_cache,11464704.0
1718651400,observe.frontend-2,container_memory_cache,7127040.0
1718651400,observe.shippingservice-0,container_memory_cache,7110656.0
1718651400,observe.cartservice-0,container_memory_cache,45375488.0
1718651400,observe.shippingservice-2,container_memory_cache,3416064.0
1718651400,observe.shippingservice-1,container_memory_cache,3678208.0
1718651400,observe.productcatalogservice-1,container_memory_cache,2981888.0
1718651400,observe.recommendationservice-2,container_memory_cache,3747840.0
1718651400,observe.emailservice-1,container_memory_cache,1216512.0
1718651400,observe.cartservice-1,container_memory_cache,27131904.0
1718651400,observe.checkoutservice-1,container_memory_cache,4595712.0
1718651400,observe.paymentservice-0,container_memory_cache,4112384.0
1718651400,observe.emailservice-2,container_memory_cache,1662976.0
1718651400,observe.productcatalogservice-0,container_memory_cache,10924032.0
1718651400,observe.recommendationservice-1,container_memory_cache,10903552.0
1718651400,observe.paymentservice-1,container_memory_cache,1708032.0
1718651400,observe.recommendationservice-0,container_memory_cache,9166848.0
1718651400,observe.productcatalogservice-2,container_memory_cache,4440064.0
1718651400,observe.currencyservice-0,container_memory_cache,4472832.0
1718651400,observe.cartservice-2,container_memory_cache,31580160.0
1718651400,observe.checkoutservice-0,container_memory_cache,9474048.0
1718651460,observe.paymentservice-0,container_memory_cache,4112384.0
1718651460,observe.frontend-0,container_memory_cache,8642560.0
1718651460,observe.emailservice-2,container_memory_cache,1662976.0
1718651460,observe.checkoutservice-1,container_memory_cache,4595712.0
1718651460,observe.productcatalogservice-2,container_memory_cache,4440064.0
1718651460,observe.currencyservice-1,container_memory_cache,11464704.0
1718651460,observe.paymentservice-2,container_memory_cache,1273856.0
1718651460,observe.cartservice-1,container_memory_cache,27131904.0
1718651460,observe.cartservice-0,container_memory_cache,45457408.0
1718651460,observe.recommendationservice-0,container_memory_cache,9166848.0
1718651460,observe.productcatalogservice-0,container_memory_cache,10924032.0
1718651460,observe.emailservice-1,container_memory_cache,1216512.0
1718651460,observe.currencyservice-0,container_memory_cache,4472832.0
1718651460,observe.shippingservice-2,container_memory_cache,3416064.0
1718651460,observe.checkoutservice-2,container_memory_cache,7737344.0
1718651460,observe.recommendationservice-2,container_memory_cache,3747840.0
1718651460,observe.productcatalogservice-1,container_memory_cache,2981888.0
1718651460,observe.shippingservice-1,container_memory_cache,3678208.0
1718651460,observe.frontend-2,container_memory_cache,7127040.0
1718651460,observe.recommendationservice-1,container_memory_cache,10903552.0
1718651460,observe.paymentservice-1,container_memory_cache,1708032.0
1718651460,observe.cartservice-2,container_memory_cache,31580160.0
1718651460,observe.frontend-1,container_memory_cache,6291456.0
1718651460,observe.emailservice-0,container_memory_cache,5017600.0
1718651460,observe.currencyservice-2,container_memory_cache,4341760.0
1718651460,observe.checkoutservice-0,container_memory_cache,9474048.0
1718651460,observe.shippingservice-0,container_memory_cache,7110656.0
1718651520,observe.currencyservice-0,container_memory_cache,4472832.0
1718651520,observe.recommendationservice-0,container_memory_cache,9166848.0
1718651520,observe.paymentservice-1,container_memory_cache,1708032.0
1718651520,observe.frontend-0,container_memory_cache,8642560.0
1718651520,observe.productcatalogservice-2,container_memory_cache,4440064.0
1718651520,observe.recommendationservice-1,container_memory_cache,10903552.0
1718651520,observe.productcatalogservice-0,container_memory_cache,10924032.0
1718651520,observe.checkoutservice-0,container_memory_cache,9474048.0
1718651520,observe.cartservice-2,container_memory_cache,31580160.0
1718651520,observe.currencyservice-2,container_memory_cache,4341760.0
1718651520,observe.paymentservice-0,container_memory_cache,4112384.0
1718651520,observe.cartservice-1,container_memory_cache,27131904.0
1718651520,observe.shippingservice-0,container_memory_cache,7110656.0
1718651520,observe.paymentservice-2,container_memory_cache,1273856.0
1718651520,observe.recommendationservice-2,container_memory_cache,3747840.0
1718651520,observe.emailservice-0,container_memory_cache,5017600.0
1718651520,observe.checkoutservice-2,container_memory_cache,7737344.0
1718651520,observe.checkoutservice-1,container_memory_cache,4595712.0
1718651520,observe.cartservice-0,container_memory_cache,45457408.0
1718651520,observe.productcatalogservice-1,container_memory_cache,2981888.0
1718651520,observe.frontend-1,container_memory_cache,6291456.0
1718651520,observe.emailservice-2,container_memory_cache,1662976.0
1718651520,observe.currencyservice-1,container_memory_cache,11464704.0
1718651520,observe.shippingservice-1,container_memory_cache,3678208.0
1718651520,observe.shippingservice-2,container_memory_cache,3416064.0
1718651520,observe.emailservice-1,container_memory_cache,1216512.0
1718651520,observe.frontend-2,container_memory_cache,7127040.0
1718651580,observe.frontend-2,container_memory_cache,7127040.0
1718651580,observe.cartservice-2,container_memory_cache,31690752.0
1718651580,observe.cartservice-0,container_memory_cache,45457408.0
1718651580,observe.checkoutservice-1,container_memory_cache,4595712.0
1718651580,observe.currencyservice-0,container_memory_cache,4472832.0
1718651580,observe.emailservice-2,container_memory_cache,1662976.0
1718651580,observe.paymentservice-0,container_memory_cache,4112384.0
1718651580,observe.shippingservice-2,container_memory_cache,3416064.0
1718651580,observe.recommendationservice-2,container_memory_cache,3747840.0
1718651580,observe.shippingservice-0,container_memory_cache,7110656.0
1718651580,observe.productcatalogservice-0,container_memory_cache,10924032.0
1718651580,observe.checkoutservice-2,container_memory_cache,7737344.0
1718651580,observe.emailservice-0,container_memory_cache,5017600.0
1718651580,observe.paymentservice-2,container_memory_cache,1273856.0
1718651580,observe.currencyservice-1,container_memory_cache,11464704.0
1718651580,observe.frontend-1,container_memory_cache,6291456.0
1718651580,observe.emailservice-1,container_memory_cache,1216512.0
1718651580,observe.cartservice-1,container_memory_cache,27131904.0
1718651580,observe.frontend-0,container_memory_cache,8642560.0
1718651580,observe.productcatalogservice-1,container_memory_cache,2981888.0
1718651580,observe.shippingservice-1,container_memory_cache,3678208.0
1718651580,observe.paymentservice-1,container_memory_cache,1708032.0
1718651580,observe.currencyservice-2,container_memory_cache,4341760.0
1718651580,observe.recommendationservice-1,container_memory_cache,10903552.0
1718651580,observe.recommendationservice-0,container_memory_cache,9166848.0
1718651580,observe.productcatalogservice-2,container_memory_cache,4440064.0
1718651580,observe.checkoutservice-0,container_memory_cache,9474048.0
1718651640,observe.recommendationservice-1,container_memory_cache,10903552.0
1718651640,observe.shippingservice-1,container_memory_cache,3678208.0
1718651640,observe.frontend-1,container_memory_cache,6291456.0
1718651640,observe.cartservice-2,container_memory_cache,31690752.0
1718651640,observe.paymentservice-1,container_memory_cache,1708032.0
1718651640,observe.currencyservice-2,container_memory_cache,4341760.0
1718651640,observe.frontend-2,container_memory_cache,7127040.0
1718651640,observe.recommendationservice-2,container_memory_cache,3747840.0
1718651640,observe.productcatalogservice-1,container_memory_cache,2981888.0
1718651640,observe.emailservice-0,container_memory_cache,5017600.0
1718651640,observe.frontend-0,container_memory_cache,8642560.0
1718651640,observe.shippingservice-0,container_memory_cache,7110656.0
1718651640,observe.emailservice-2,container_memory_cache,1662976.0
1718651640,observe.paymentservice-0,container_memory_cache,4112384.0
1718651640,observe.currencyservice-0,container_memory_cache,4472832.0
1718651640,observe.productcatalogservice-2,container_memory_cache,4440064.0
1718651640,observe.recommendationservice-0,container_memory_cache,9166848.0
1718651640,observe.productcatalogservice-0,container_memory_cache,10924032.0
1718651640,observe.cartservice-1,container_memory_cache,27131904.0
1718651640,observe.checkoutservice-2,container_memory_cache,7737344.0
1718651640,observe.shippingservice-2,container_memory_cache,3416064.0
1718651640,observe.emailservice-1,container_memory_cache,1216512.0
1718651640,observe.checkoutservice-0,container_memory_cache,9474048.0
1718651640,observe.cartservice-0,container_memory_cache,45457408.0
1718651640,observe.currencyservice-1,container_memory_cache,11464704.0
1718651640,observe.paymentservice-2,container_memory_cache,1273856.0
1718651640,observe.checkoutservice-1,container_memory_cache,4595712.0
1718651700,observe.currencyservice-0,container_memory_cache,4472832.0
1718651700,observe.frontend-0,container_memory_cache,8642560.0
1718651700,observe.paymentservice-1,container_memory_cache,1708032.0
1718651700,observe.productcatalogservice-2,container_memory_cache,4440064.0
1718651700,observe.checkoutservice-1,container_memory_cache,4595712.0
1718651700,observe.emailservice-1,container_memory_cache,1216512.0
1718651700,observe.productcatalogservice-0,container_memory_cache,10924032.0
1718651700,observe.cartservice-2,container_memory_cache,31690752.0
1718651700,observe.frontend-2,container_memory_cache,7127040.0
1718651700,observe.productcatalogservice-1,container_memory_cache,2981888.0
1718651700,observe.shippingservice-2,container_memory_cache,3416064.0
1718651700,observe.frontend-1,container_memory_cache,6291456.0
1718651700,observe.paymentservice-2,container_memory_cache,1273856.0
1718651700,observe.checkoutservice-0,container_memory_cache,9474048.0
1718651700,observe.currencyservice-1,container_memory_cache,11464704.0
1718651700,observe.cartservice-1,container_memory_cache,11218944.0
1718651700,observe.emailservice-0,container_memory_cache,5017600.0
1718651700,observe.recommendationservice-0,container_memory_cache,9166848.0
1718651700,observe.paymentservice-0,container_memory_cache,4112384.0
1718651700,observe.currencyservice-2,container_memory_cache,4341760.0
1718651700,observe.shippingservice-1,container_memory_cache,3678208.0
1718651700,observe.recommendationservice-2,container_memory_cache,3747840.0
1718651700,observe.checkoutservice-2,container_memory_cache,7737344.0
1718651700,observe.shippingservice-0,container_memory_cache,7110656.0
1718651700,observe.emailservice-2,container_memory_cache,1662976.0
1718651700,observe.cartservice-0,container_memory_cache,26468352.0
1718651700,observe.recommendationservice-1,container_memory_cache,10903552.0
1718651760,observe.cartservice-0,container_memory_cache,89186304.0
1718651760,observe.checkoutservice-1,container_memory_cache,4595712.0
1718651760,observe.checkoutservice-0,container_memory_cache,9474048.0
1718651760,observe.shippingservice-1,container_memory_cache,3678208.0
1718651760,observe.currencyservice-0,container_memory_cache,4472832.0
1718651760,observe.frontend-1,container_memory_cache,6291456.0
1718651760,observe.productcatalogservice-0,container_memory_cache,10924032.0
1718651760,observe.frontend-0,container_memory_cache,8642560.0
1718651760,observe.emailservice-2,container_memory_cache,1662976.0
1718651760,observe.paymentservice-0,container_memory_cache,4112384.0
1718651760,observe.shippingservice-2,container_memory_cache,3416064.0
1718651760,observe.paymentservice-2,container_memory_cache,1273856.0
1718651760,observe.checkoutservice-2,container_memory_cache,7737344.0
1718651760,observe.recommendationservice-0,container_memory_cache,9166848.0
1718651760,observe.emailservice-1,container_memory_cache,1216512.0
1718651760,observe.emailservice-0,container_memory_cache,5017600.0
1718651760,observe.frontend-2,container_memory_cache,7127040.0
1718651760,observe.recommendationservice-2,container_memory_cache,3747840.0
1718651760,observe.productcatalogservice-2,container_memory_cache,4440064.0
1718651760,observe.recommendationservice-1,container_memory_cache,10903552.0
1718651760,observe.productcatalogservice-1,container_memory_cache,2981888.0
1718651760,observe.cartservice-1,container_memory_cache,32415744.0
1718651760,observe.paymentservice-1,container_memory_cache,1708032.0
1718651760,observe.cartservice-2,container_memory_cache,12312576.0
1718651760,observe.shippingservice-0,container_memory_cache,7110656.0
1718651760,observe.currencyservice-1,container_memory_cache,11464704.0
1718651760,observe.currencyservice-2,container_memory_cache,4341760.0
1718651820,observe.emailservice-2,container_memory_cache,1662976.0
1718651820,observe.cartservice-1,container_memory_cache,32415744.0
1718651820,observe.recommendationservice-0,container_memory_cache,9166848.0
1718651820,observe.checkoutservice-2,container_memory_cache,7737344.0
1718651820,observe.currencyservice-0,container_memory_cache,4472832.0
1718651820,observe.emailservice-1,container_memory_cache,1216512.0
1718651820,observe.productcatalogservice-2,container_memory_cache,4440064.0
1718651820,observe.currencyservice-1,container_memory_cache,11464704.0
1718651820,observe.paymentservice-2,container_memory_cache,1273856.0
1718651820,observe.frontend-0,container_memory_cache,8642560.0
1718651820,observe.recommendationservice-1,container_memory_cache,10903552.0
1718651820,observe.checkoutservice-0,container_memory_cache,9474048.0
1718651820,observe.paymentservice-1,container_memory_cache,1708032.0
1718651820,observe.currencyservice-2,container_memory_cache,4341760.0
1718651820,observe.shippingservice-0,container_memory_cache,7110656.0
1718651820,observe.cartservice-2,container_memory_cache,33484800.0
1718651820,observe.productcatalogservice-1,container_memory_cache,2981888.0
1718651820,observe.recommendationservice-2,container_memory_cache,3747840.0
1718651820,observe.frontend-2,container_memory_cache,7127040.0
1718651820,observe.productcatalogservice-0,container_memory_cache,10924032.0
1718651820,observe.emailservice-0,container_memory_cache,5017600.0
1718651820,observe.shippingservice-2,container_memory_cache,3416064.0
1718651820,observe.cartservice-0,container_memory_cache,89505792.0
1718651820,observe.checkoutservice-1,container_memory_cache,4595712.0
1718651820,observe.shippingservice-1,container_memory_cache,3678208.0
1718651820,observe.paymentservice-0,container_memory_cache,4112384.0
1718651820,observe.frontend-1,container_memory_cache,6291456.0
1718651880,observe.frontend-1,container_memory_cache,6291456.0
1718651880,observe.paymentservice-1,container_memory_cache,1708032.0
1718651880,observe.currencyservice-1,container_memory_cache,11464704.0
1718651880,observe.frontend-0,container_memory_cache,8642560.0
1718651880,observe.currencyservice-2,container_memory_cache,4341760.0
1718651880,observe.productcatalogservice-1,container_memory_cache,2981888.0
1718651880,observe.emailservice-0,container_memory_cache,5017600.0
1718651880,observe.recommendationservice-1,container_memory_cache,10903552.0
1718651880,observe.emailservice-1,container_memory_cache,1216512.0
1718651880,observe.checkoutservice-2,container_memory_cache,7737344.0
1718651880,observe.shippingservice-1,container_memory_cache,3678208.0
1718651880,observe.paymentservice-2,container_memory_cache,1273856.0
1718651880,observe.cartservice-1,container_memory_cache,33447936.0
1718651880,observe.frontend-2,container_memory_cache,7127040.0
1718651880,observe.productcatalogservice-0,container_memory_cache,10924032.0
1718651880,observe.checkoutservice-1,container_memory_cache,4595712.0
1718651880,observe.emailservice-2,container_memory_cache,1662976.0
1718651880,observe.currencyservice-0,container_memory_cache,4472832.0
1718651880,observe.cartservice-0,container_memory_cache,89505792.0
1718651880,observe.paymentservice-0,container_memory_cache,4112384.0
1718651880,observe.recommendationservice-2,container_memory_cache,3747840.0
1718651880,observe.recommendationservice-0,container_memory_cache,9166848.0
1718651880,observe.shippingservice-2,container_memory_cache,3416064.0
1718651880,observe.cartservice-2,container_memory_cache,33853440.0
1718651880,observe.checkoutservice-0,container_memory_cache,9474048.0
1718651880,observe.shippingservice-0,container_memory_cache,7110656.0
1718651880,observe.productcatalogservice-2,container_memory_cache,4440064.0
1718651940,observe.paymentservice-0,container_memory_cache,4112384.0
1718651940,observe.shippingservice-1,container_memory_cache,3678208.0
1718651940,observe.checkoutservice-1,container_memory_cache,4595712.0
1718651940,observe.checkoutservice-0,container_memory_cache,9474048.0
1718651940,observe.shippingservice-0,container_memory_cache,7110656.0
1718651940,observe.cartservice-2,container_memory_cache,32407552.0
1718651940,observe.frontend-1,container_memory_cache,6291456.0
1718651940,observe.recommendationservice-1,container_memory_cache,10903552.0
1718651940,observe.frontend-2,container_memory_cache,7127040.0
1718651940,observe.currencyservice-2,container_memory_cache,4341760.0
1718651940,observe.productcatalogservice-1,container_memory_cache,2981888.0
1718651940,observe.recommendationservice-2,container_memory_cache,3747840.0
1718651940,observe.cartservice-0,container_memory_cache,82272256.0
1718651940,observe.productcatalogservice-0,container_memory_cache,10924032.0
1718651940,observe.frontend-0,container_memory_cache,8642560.0
1718651940,observe.checkoutservice-2,container_memory_cache,7737344.0
1718651940,observe.shippingservice-2,container_memory_cache,3416064.0
1718651940,observe.recommendationservice-0,container_memory_cache,9166848.0
1718651940,observe.productcatalogservice-2,container_memory_cache,4440064.0
1718651940,observe.currencyservice-0,container_memory_cache,4472832.0
1718651940,observe.paymentservice-2,container_memory_cache,1273856.0
1718651940,observe.cartservice-1,container_memory_cache,32620544.0
1718651940,observe.emailservice-2,container_memory_cache,1662976.0
1718651940,observe.currencyservice-1,container_memory_cache,11464704.0
1718651940,observe.emailservice-0,container_memory_cache,5017600.0
1718651940,observe.paymentservice-1,container_memory_cache,1708032.0
1718651940,observe.emailservice-1,container_memory_cache,1216512.0
1718652000,observe.shippingservice-0,container_memory_cache,7110656.0
1718652000,observe.recommendationservice-2,container_memory_cache,3747840.0
1718652000,observe.checkoutservice-0,container_memory_cache,9474048.0
1718652000,observe.cartservice-1,container_memory_cache,32620544.0
1718652000,observe.currencyservice-2,container_memory_cache,4341760.0
1718652000,observe.productcatalogservice-1,container_memory_cache,2981888.0
1718652000,observe.productcatalogservice-2,container_memory_cache,4440064.0
1718652000,observe.currencyservice-1,container_memory_cache,11464704.0
1718652000,observe.cartservice-2,container_memory_cache,32407552.0
1718652000,observe.productcatalogservice-0,container_memory_cache,10924032.0
1718652000,observe.shippingservice-2,container_memory_cache,3416064.0
1718652000,observe.checkoutservice-2,container_memory_cache,7737344.0
1718652000,observe.recommendationservice-1,container_memory_cache,10903552.0
1718652000,observe.frontend-1,container_memory_cache,6291456.0
1718652000,observe.recommendationservice-0,container_memory_cache,9166848.0
1718652000,observe.frontend-2,container_memory_cache,7127040.0
1718652000,observe.cartservice-0,container_memory_cache,81117184.0
1718652000,observe.currencyservice-0,container_memory_cache,4472832.0
1718652000,observe.checkoutservice-1,container_memory_cache,4595712.0
1718652000,observe.paymentservice-2,container_memory_cache,1273856.0
1718652000,observe.shippingservice-1,container_memory_cache,3678208.0
1718652000,observe.frontend-0,container_memory_cache,8642560.0
1718652000,observe.emailservice-0,container_memory_cache,5017600.0
1718652000,observe.paymentservice-0,container_memory_cache,4112384.0
1718652000,observe.emailservice-2,container_memory_cache,1662976.0
1718652000,observe.emailservice-1,container_memory_cache,1216512.0
1718652000,observe.paymentservice-1,container_memory_cache,1708032.0
